UDI,Product ID,Type,Air temperature [K],Process temperature [K],Rotational speed [rpm],Torque [Nm],Tool wear [min],Machine failure,TWF,HDF,PWF,OSF,RNF,client_id
2068,L49247,L,299.7,309.6,1553,36.8,174,0,0,0,0,0,0,client_3
6524,M21383,M,301.1,310.2,1850,27.7,44,0,0,0,0,0,0,client_3
2342,L49521,L,299.1,308.2,1409,46.4,12,0,0,0,0,0,0,client_3
2395,L49574,L,299.2,308.5,1488,40.3,148,0,0,0,0,0,0,client_3
3372,L50551,L,301.4,310.7,1989,21.8,19,0,0,0,0,0,0,client_3
5398,M20257,M,302.8,312.3,1416,42.7,241,0,0,0,0,0,0,client_3
7783,M22642,M,300.4,311.6,1518,36.4,53,0,0,0,0,0,0,client_3
1159,L48338,L,297.0,307.9,1436,47.7,191,0,0,0,0,0,0,client_3
8945,L56124,L,297.3,308.3,1471,38.2,37,0,0,0,0,0,0,client_3
6733,L53912,L,301.7,311.0,1503,44.8,134,0,0,0,0,0,0,client_3
5067,L52246,L,304.1,313.1,1550,30.9,9,0,0,0,0,0,0,client_3
6850,L54029,L,301.1,311.3,1498,37.6,11,0,0,0,0,0,0,client_3
1001,L48180,L,296.3,307.1,1654,29.6,188,0,0,0,0,0,0,client_3
7810,M22669,M,300.0,311.4,1537,35.4,120,0,0,0,0,0,0,client_3
61,L47240,L,298.8,309.1,1393,52.6,167,0,0,0,0,0,0,client_3
6670,L53849,L,301.4,310.5,1571,33.9,208,0,0,0,0,0,0,client_3
1577,L48756,L,298.3,308.4,1490,41.7,170,0,0,0,0,0,0,client_3
4722,L51901,L,303.5,311.8,1927,21.9,195,0,0,0,0,0,0,client_3
9316,L56495,L,298.5,309.5,1569,41.0,153,0,0,0,0,0,0,client_3
1326,H30739,H,298.8,310.1,1567,36.8,197,0,0,0,0,0,0,client_3
8899,L56078,L,297.4,308.6,1532,38.7,136,0,0,0,0,0,0,client_3
4625,M19484,M,303.0,311.1,1428,39.8,181,0,0,0,0,0,0,client_3
2012,L49191,L,298.7,308.5,1616,30.2,34,0,0,0,0,0,0,client_3
4606,H34019,H,302.9,311.0,1469,48.7,130,0,0,0,0,0,0,client_3
7834,L55013,L,300.0,311.4,1604,38.7,185,0,0,0,0,0,0,client_3
5520,L52699,L,302.5,311.9,1452,47.4,77,0,0,0,0,0,0,client_3
3496,M18355,M,301.9,311.0,1384,47.4,121,0,0,0,0,0,0,client_3
6758,L53937,L,301.8,311.2,1822,26.2,204,0,0,0,0,0,0,client_3
5373,H34786,H,302.9,312.3,1509,46.8,175,0,0,0,0,0,0,client_3
1550,L48729,L,298.4,308.9,1706,29.5,107,0,0,0,0,0,0,client_3
6406,L53585,L,300.1,309.7,2151,17.5,173,0,0,0,0,0,0,client_3
5714,L52893,L,302.2,311.9,1596,38.0,156,0,0,0,0,0,0,client_3
180,L47359,L,298.2,308.3,1304,49.8,45,0,0,0,0,0,0,client_3
5239,L52418,L,303.7,313.0,1457,44.1,40,0,0,0,0,0,0,client_3
6746,M21605,M,301.8,311.1,1395,44.6,171,0,0,0,0,0,0,client_3
4807,H34220,H,303.6,312.5,1375,54.0,186,0,0,0,0,0,0,client_3
2211,L49390,L,299.7,309.2,1401,54.1,118,0,0,0,0,0,0,client_3
1109,L48288,L,296.6,307.4,1504,45.8,58,0,0,0,0,0,0,client_3
7239,L54418,L,299.8,310.0,1697,36.0,175,0,0,0,0,0,0,client_3
3731,M18590,M,302.3,311.2,1405,47.7,88,0,0,0,0,0,0,client_3
4674,L51853,L,303.4,311.5,1501,36.2,69,0,0,0,0,0,0,client_3
7951,L55130,L,300.8,311.6,1568,36.0,23,0,0,0,0,0,0,client_3
8030,M22889,M,300.6,311.9,1629,35.3,0,0,0,0,0,0,0,client_3
8138,H37551,H,299.5,310.8,1600,32.4,67,0,0,0,0,0,0,client_3
5866,M20725,M,301.5,311.1,1402,40.0,94,0,0,0,0,0,0,client_3
8240,L55419,L,299.0,310.4,1339,49.6,94,0,0,0,0,0,0,client_3
8845,H38258,H,297.4,308.9,1645,30.8,196,0,0,0,0,0,0,client_3
654,L47833,L,297.8,309.3,2015,20.1,161,0,0,0,0,0,0,client_3
1044,L48223,L,296.5,307.6,1431,45.2,90,0,0,0,0,0,0,client_3
3678,M18537,M,302.3,311.7,1368,53.6,165,0,0,0,0,0,0,client_3
5143,L52322,L,304.4,313.6,1568,39.1,0,0,0,0,0,0,0,client_3
5427,L52606,L,302.6,312.3,1554,42.0,58,0,0,0,0,0,0,client_3
4487,M19346,M,302.6,310.5,1965,20.2,40,0,0,0,0,0,0,client_3
3418,L50597,L,301.6,310.6,1621,33.7,137,0,0,0,0,0,0,client_3
1146,L48325,L,297.0,307.8,1553,33.3,155,0,0,0,0,0,0,client_3
5218,M20077,M,303.8,312.8,1420,47.9,200,0,0,0,0,0,0,client_3
5844,L53023,L,301.5,311.2,1700,28.8,39,0,0,0,0,0,0,client_3
3475,M18334,M,301.9,310.8,1557,35.3,65,0,0,0,0,0,0,client_3
1540,M16399,M,298.5,309.2,1449,46.4,83,0,0,0,0,0,0,client_3
9604,M24463,M,298.9,310.1,1549,40.2,65,0,0,0,0,0,0,client_3
9218,L56397,L,297.8,308.8,1421,49.6,101,0,0,0,0,0,0,client_3
5704,H35117,H,302.3,311.7,1456,45.4,130,0,0,0,0,0,0,client_3
5101,M19960,M,304.2,313.5,1437,47.2,102,0,0,0,0,0,0,client_3
6643,L53822,L,301.6,310.6,1431,37.5,137,0,0,0,0,0,0,client_3
795,H30208,H,296.9,307.9,1547,32.6,79,0,0,0,0,0,0,client_3
4563,L51742,L,302.7,310.7,1398,57.7,19,0,0,0,0,0,0,client_3
2011,L49190,L,298.6,308.3,1278,60.5,32,0,0,0,0,0,0,client_3
8561,L55740,L,298.3,309.0,1408,45.4,98,0,0,0,0,0,0,client_3
6546,M21405,M,301.4,310.8,1738,30.3,104,0,0,0,0,0,0,client_3
2391,L49570,L,299.2,308.5,1487,41.2,140,0,0,0,0,0,0,client_3
3218,L50397,L,300.6,309.5,2025,21.4,64,0,0,0,0,0,0,client_3
159,M15018,M,298.4,308.2,1499,40.0,211,0,0,0,0,0,0,client_3
2848,L50027,L,300.4,309.3,1525,39.6,202,0,0,0,0,0,0,client_3
9318,L56497,L,298.5,309.5,1480,38.1,160,0,0,0,0,0,0,client_3
4014,M18873,M,302.2,311.1,1728,34.0,179,0,0,0,0,0,0,client_3
165,M15024,M,298.5,308.3,1440,43.6,5,0,0,0,0,0,0,client_3
4890,L52069,L,303.7,312.5,1632,36.6,186,0,0,0,0,0,0,client_3
2149,L49328,L,299.4,308.9,1583,34.1,176,0,0,0,0,0,0,client_3
5758,L52937,L,301.9,311.3,1366,55.6,57,0,0,0,0,0,0,client_3
3927,L51106,L,302.6,311.5,1609,36.0,162,0,0,0,0,0,0,client_3
6355,L53534,L,300.1,309.6,1565,34.8,32,0,0,0,0,0,0,client_3
4327,L51506,L,301.6,310.1,1362,55.8,70,1,0,1,0,0,0,client_3
7463,L54642,L,300.0,311.3,1703,30.4,85,0,0,0,0,0,0,client_3
8270,H37683,H,299.2,310.8,1761,30.4,180,0,0,0,0,0,0,client_3
9304,L56483,L,298.2,309.0,1491,38.3,121,0,0,0,0,0,0,client_3
8111,H37524,H,300.3,311.8,2141,18.5,204,0,0,0,0,0,0,client_3
3153,M18012,M,300.5,309.8,1473,42.3,121,0,0,0,0,0,0,client_3
4332,M19191,M,301.6,309.9,1746,31.1,83,0,0,0,0,0,0,client_3
7974,L55153,L,301.1,312.3,1682,29.7,83,0,0,0,0,0,0,client_3
5268,M20127,M,303.5,312.9,1438,42.8,106,0,0,0,0,0,0,client_3
6434,L53613,L,300.3,309.9,1570,34.0,31,0,0,0,0,0,0,client_3
5407,L52586,L,302.7,312.4,1360,47.8,11,0,0,0,0,0,0,client_3
2502,M17361,M,299.1,308.9,1476,42.7,225,0,0,0,0,0,0,client_3
3297,M18156,M,301.2,310.3,1379,43.2,56,0,0,0,0,0,0,client_3
3809,M18668,M,302.3,310.9,1762,24.5,73,0,0,0,0,0,0,client_3
8254,L55433,L,299.1,310.4,1657,31.0,129,0,0,0,0,0,0,client_3
7048,L54227,L,300.6,310.4,1401,42.6,114,0,0,0,0,0,0,client_3
5544,L52723,L,302.4,311.8,1255,59.0,138,0,0,0,0,0,0,client_3
9433,L56612,L,298.0,308.7,1619,40.1,45,0,0,0,0,0,0,client_3
5492,M20351,M,302.7,312.2,1350,58.6,2,0,0,0,0,0,0,client_3
7655,M22514,M,300.3,311.5,1540,41.5,151,0,0,0,0,0,0,client_3
3596,L50775,L,301.6,310.4,1517,41.1,167,0,0,0,0,0,0,client_3
5976,H35389,H,300.5,310.7,1654,28.6,161,0,0,0,0,0,0,client_3
2313,M17172,M,299.1,308.6,1441,36.2,169,0,0,0,0,0,0,client_3
2678,L49857,L,299.8,309.5,1495,39.6,10,0,0,0,0,0,0,client_3
6022,L53201,L,300.7,310.8,1814,21.4,59,0,0,0,0,0,0,client_3
2575,L49754,L,299.5,309.3,1972,19.3,177,0,0,0,0,0,0,client_3
969,L48148,L,295.9,306.7,1547,40.9,107,0,0,0,0,0,0,client_3
1844,L49023,L,297.6,307.1,1496,39.2,12,0,0,0,0,0,0,client_3
4370,H33783,H,302.0,309.9,1735,27.2,192,0,0,0,0,0,0,client_3
1445,L48624,L,299.0,310.2,1477,37.9,60,0,0,0,0,0,0,client_3
8536,L55715,L,298.6,309.5,1547,44.8,36,0,0,0,0,0,0,client_3
4451,L51630,L,302.5,310.3,1551,37.3,168,0,0,0,0,0,0,client_3
5797,L52976,L,301.7,311.1,1399,55.1,156,0,0,0,0,0,0,client_3
8052,L55231,L,300.6,311.8,1652,27.2,52,0,0,0,0,0,0,client_3
9405,L56584,L,297.7,308.2,2007,19.3,181,0,0,0,0,0,0,client_3
7307,L54486,L,300.1,310.5,1356,45.8,126,0,0,0,0,0,0,client_3
4259,M19118,M,302.7,311.1,1297,60.7,125,1,0,1,0,0,0,client_3
1031,L48210,L,296.3,307.4,1760,28.4,56,0,0,0,0,0,0,client_3
8247,L55426,L,299.0,310.3,1552,39.9,114,0,0,0,0,0,0,client_3
3022,L50201,L,300.5,309.8,1421,49.6,211,0,0,0,0,0,0,client_3
2831,M17690,M,300.4,309.3,1411,41.6,160,0,0,0,0,0,0,client_3
4244,M19103,M,302.4,310.9,1435,42.3,83,0,0,0,0,0,0,client_3
6078,L53257,L,300.9,310.7,1479,43.3,201,0,0,0,0,0,0,client_3
2650,M17509,M,299.9,309.5,1582,38.2,160,0,0,0,0,0,0,client_3
4231,L51410,L,302.2,310.8,1673,32.9,52,0,0,0,0,0,0,client_3
8098,L55277,L,300.3,311.7,1452,41.5,172,0,0,0,0,0,0,client_3
143,M15002,M,298.6,308.4,1778,28.2,161,0,0,0,0,0,0,client_3
700,H30113,H,297.5,308.7,1416,39.2,74,0,0,0,0,0,0,client_3
8707,L55886,L,297.2,308.6,1335,53.0,39,0,0,0,0,0,0,client_3
4588,M19447,M,302.8,311.0,1507,33.4,82,0,0,0,0,0,0,client_3
4803,M19662,M,303.5,312.4,1318,54.2,177,0,0,0,0,0,0,client_3
7778,L54957,L,300.3,311.5,1695,25.6,43,0,0,0,0,0,0,client_3
2360,L49539,L,299.3,308.5,1413,38.5,57,0,0,0,0,0,0,client_3
9931,L57110,L,298.3,308.3,1452,45.5,63,0,0,0,0,0,0,client_3
9545,L56724,L,299.6,311.0,1708,31.0,122,0,0,0,0,0,0,client_3
4971,L52150,L,303.8,312.6,1565,36.0,179,0,0,0,0,0,0,client_3
7342,L54521,L,299.7,310.3,1505,37.7,4,0,0,0,0,0,0,client_3
3356,L50535,L,301.5,310.8,1367,49.0,193,0,0,0,0,0,0,client_3
9490,L56669,L,298.9,309.7,1407,41.9,207,0,0,0,0,0,0,client_3
5420,L52599,L,302.6,312.3,1321,53.4,42,0,0,0,0,0,0,client_3
8689,L55868,L,297.1,308.5,1483,46.9,203,0,0,0,0,0,0,client_3
4286,L51465,L,301.7,309.9,1317,49.0,187,1,0,1,0,0,0,client_3
4359,H33772,H,302.0,309.9,1606,34.5,156,0,0,0,0,0,0,client_3
8812,L55991,L,297.2,308.5,1574,35.8,95,0,0,0,0,0,0,client_3
3359,L50538,L,301.5,310.6,1522,36.6,202,0,0,0,0,0,0,client_3
4139,L51318,L,301.7,310.2,1311,57.4,40,1,0,1,0,0,0,client_3
4788,L51967,L,303.7,312.6,1396,44.1,136,0,0,0,0,0,0,client_3
7547,H36960,H,300.2,311.5,1454,42.8,88,0,0,0,0,0,0,client_3
9970,L57149,L,298.4,308.1,1491,50.0,156,0,0,0,0,0,0,client_3
1764,L48943,L,298.2,307.6,1511,31.0,209,1,1,0,0,0,0,client_3
3232,L50411,L,300.7,309.3,1425,45.3,100,0,0,0,0,0,0,client_3
9256,L56435,L,298.2,309.0,1651,31.5,197,0,0,0,0,0,0,client_3
2648,L49827,L,299.8,309.4,1408,45.6,156,0,0,0,0,0,0,client_3
195,M15054,M,298.2,308.5,2678,10.7,86,1,0,0,1,0,0,client_3
5340,M20199,M,303.4,312.7,1594,32.8,79,0,0,0,0,0,0,client_3
4348,H33761,H,301.9,309.8,1724,27.5,126,0,0,0,0,0,0,client_3
4549,L51728,L,302.6,310.5,1511,37.2,197,0,0,0,0,0,0,client_3
7504,M22363,M,300.3,311.7,1646,28.9,198,0,0,0,0,0,0,client_3
2785,L49964,L,300.2,309.6,1430,52.7,47,0,0,0,0,0,0,client_3
2842,L50021,L,300.3,309.4,1705,29.4,190,0,0,0,0,0,0,client_3
9238,M24097,M,298.1,308.8,1811,25.4,147,0,0,0,0,0,0,client_3
1707,L48886,L,298.2,307.8,1521,42.9,60,0,0,0,0,0,0,client_3
1060,M15919,M,296.7,307.9,1874,21.3,130,0,0,0,0,0,0,client_3
191,L47370,L,298.2,308.4,1477,49.9,72,0,0,0,0,0,0,client_3
7374,L54553,L,299.6,310.1,1553,38.0,83,0,0,0,0,0,0,client_3
4338,L51517,L,301.6,309.9,1440,43.4,100,0,0,0,0,0,0,client_3
3291,L50470,L,301.2,310.2,1385,42.3,42,0,0,0,0,0,0,client_3
2587,L49766,L,299.0,308.7,1537,42.8,202,0,0,0,0,0,0,client_3
389,L47568,L,297.6,308.7,1455,48.2,145,0,0,0,0,0,0,client_3
2691,L49870,L,300.0,309.5,1728,26.0,37,0,0,0,0,0,0,client_3
6778,L53957,L,301.2,310.7,1951,21.3,44,0,0,0,0,0,0,client_3
9085,L56264,L,297.2,307.9,1326,75.4,172,1,0,0,1,1,0,client_3
2278,H31691,H,299.3,308.7,1408,44.4,82,0,0,0,0,0,0,client_3
3459,L50638,L,301.5,310.4,1329,46.6,24,0,0,0,0,0,0,client_3
7895,M22754,M,300.8,312.6,1588,35.6,114,0,0,0,0,0,0,client_3
2909,L50088,L,300.7,309.5,1251,59.9,120,0,0,0,0,0,0,client_3
7485,M22344,M,300.3,311.6,1312,53.4,151,0,0,0,0,0,0,client_3
4399,M19258,M,302.3,310.1,1563,37.8,31,0,0,0,0,0,0,client_3
8184,L55363,L,299.8,311.1,1452,47.3,188,0,0,0,0,0,0,client_3
6231,M21090,M,301.3,311.0,1641,33.0,145,0,0,0,0,0,0,client_3
5768,M20627,M,301.6,311.2,1415,46.5,82,0,0,0,0,0,0,client_3
8119,L55298,L,300.3,311.8,1548,33.0,16,0,0,0,0,0,0,client_3
5735,L52914,L,302.3,311.8,1369,56.2,208,1,0,0,0,1,0,client_3
8857,M23716,M,297.7,308.9,1327,63.7,21,0,0,0,0,0,0,client_3
6934,L54113,L,300.8,311.4,1492,40.6,20,0,0,0,0,0,0,client_3
3387,H32800,H,301.5,310.8,1474,38.7,58,0,0,0,0,0,0,client_3
5472,L52651,L,302.7,312.3,1346,61.2,170,0,0,0,0,0,1,client_3
8485,L55664,L,298.4,309.5,1397,50.3,110,0,0,0,0,0,0,client_3
5148,L52327,L,304.4,313.6,1569,38.4,11,0,0,0,0,0,0,client_3
5220,L52399,L,303.8,313.0,1365,59.9,205,1,0,0,0,1,0,client_3
6496,M21355,M,300.6,309.8,1694,31.1,187,0,0,0,0,0,0,client_3
7912,L55091,L,300.7,312.1,1512,36.9,153,0,0,0,0,0,0,client_3
1166,L48345,L,297.1,308.1,1487,34.6,208,0,0,0,0,0,0,client_3
6360,L53539,L,300.1,309.8,1430,56.7,44,0,0,0,0,0,0,client_3
1691,M16550,M,297.9,307.4,1435,42.9,18,0,0,0,0,0,0,client_3
1687,H31100,H,297.9,307.3,1663,28.7,7,0,0,0,0,0,0,client_3
6462,L53641,L,300.6,310.0,1505,35.9,95,0,0,0,0,0,0,client_3
7116,M21975,M,301.0,310.6,1460,53.6,74,0,0,0,0,0,0,client_3
7093,L54272,L,300.7,310.2,1493,35.9,10,0,0,0,0,0,0,client_3
6623,L53802,L,301.7,310.7,1493,51.1,87,0,0,0,0,0,0,client_3
8446,M23305,M,298.6,310.0,1541,36.9,12,0,0,0,0,0,0,client_3
4819,M19678,M,303.6,312.1,1967,20.9,2,0,0,0,0,0,0,client_3
6748,M21607,M,301.8,311.1,1597,29.8,177,0,0,0,0,0,0,client_3
6317,L53496,L,300.9,310.4,1544,36.0,148,0,0,0,0,0,0,client_3
613,L47792,L,298.1,309.9,1563,32.8,51,0,0,0,0,0,0,client_3
8921,L56100,L,297.1,308.3,1496,45.8,190,0,0,0,0,0,0,client_3
5827,M20686,M,301.3,311.1,1492,41.2,223,0,0,0,0,0,0,client_3
4372,L51551,L,302.0,309.8,1480,40.0,199,0,0,0,0,0,0,client_3
595,H30008,H,297.6,309.6,1278,50.4,2,0,0,0,0,0,0,client_3
8445,M23304,M,298.6,309.9,1818,24.9,9,0,0,0,0,0,0,client_3
748,L47927,L,296.8,308.1,1356,48.3,201,0,0,0,0,0,0,client_3
7708,H37121,H,300.5,311.4,1679,27.5,59,0,0,0,0,0,0,client_3
8019,L55198,L,301.0,311.9,1889,23.5,198,0,0,0,0,0,0,client_3
8259,L55438,L,299.1,310.6,1602,39.7,144,0,0,0,0,0,0,client_3
6063,M20922,M,301.1,311.2,1407,53.0,165,0,0,0,0,0,0,client_3
6941,H36354,H,300.8,311.4,1453,44.6,38,0,0,0,0,0,0,client_3
4393,L51572,L,302.2,310.1,1458,45.1,15,0,0,0,0,0,0,client_3
4450,M19309,M,302.4,310.3,1378,54.3,165,1,0,1,0,0,0,client_3
2023,L49202,L,298.7,308.4,1373,46.9,60,0,0,0,0,0,0,client_3
3520,M18379,M,301.9,310.9,1569,32.5,188,0,0,0,0,0,0,client_3
2096,L49275,L,299.4,309.3,1525,41.5,30,0,0,0,0,0,0,client_3
9993,L57172,L,298.8,308.4,1484,39.2,8,0,0,0,0,0,0,client_3
3261,M18120,M,301.3,310.0,2068,17.8,176,0,0,0,0,0,0,client_3
7525,L54704,L,300.2,311.5,1639,31.1,31,0,0,0,0,0,0,client_3
6339,L53518,L,300.4,309.9,1681,28.6,206,0,0,0,0,0,0,client_3
93,M14952,M,298.9,308.9,1727,27.1,37,0,0,0,0,0,0,client_3
7751,L54930,L,300.4,311.7,1444,51.2,174,0,0,0,0,0,0,client_3
7986,L55165,L,301.0,312.2,1540,34.1,113,0,0,0,0,0,0,client_3
5151,L52330,L,304.3,313.5,1590,29.8,17,0,0,0,0,0,0,client_3
6357,M21216,M,300.1,309.7,1420,48.4,36,0,0,0,0,0,0,client_3
9342,M24201,M,298.3,308.9,1363,46.1,5,0,0,0,0,0,0,client_3
5870,L53049,L,301.5,311.1,2076,18.7,103,0,0,0,0,0,0,client_3
371,M15230,M,297.5,308.3,1622,37.2,103,0,0,0,0,0,0,client_3
643,M15502,M,297.8,309.4,1226,58.7,129,0,0,0,0,0,0,client_3
3877,L51056,L,302.6,311.8,1627,31.8,23,0,0,0,0,0,0,client_3
8800,L55979,L,297.3,308.4,1472,41.3,67,0,0,0,0,0,0,client_3
5257,L52436,L,303.5,313.0,1393,51.6,80,0,0,0,0,0,0,client_3
3207,M18066,M,300.1,309.0,1612,33.0,34,0,0,0,0,0,0,client_3
9212,M24071,M,298.0,309.0,1409,49.1,85,0,0,0,0,0,0,client_3
5267,M20126,M,303.4,312.8,1518,38.7,103,0,0,0,0,0,0,client_3
7955,L55134,L,301.0,311.9,1454,41.9,33,0,0,0,0,0,0,client_3
1604,M16463,M,297.8,307.8,1622,32.1,18,0,0,0,0,0,0,client_3
491,L47670,L,297.4,309.2,1459,37.9,191,0,0,0,0,0,0,client_3
161,L47340,L,298.4,308.2,1282,60.7,216,1,0,0,0,1,0,client_3
8348,L55527,L,298.7,309.6,1665,31.1,178,0,0,0,0,0,0,client_3
2998,L50177,L,300.5,309.8,1345,62.7,153,0,0,0,0,0,0,client_3
917,M15776,M,295.3,305.8,1589,36.2,184,0,0,0,0,0,0,client_3
3262,H32675,H,301.3,310.1,1469,39.7,179,0,0,0,0,0,0,client_3
5210,M20069,M,303.8,312.7,1507,38.5,180,0,0,0,0,0,0,client_3
3861,L51040,L,302.6,311.5,1427,38.9,213,0,0,0,0,0,0,client_3
3130,L50309,L,300.1,309.6,1642,34.5,53,0,0,0,0,0,0,client_3
6655,L53834,L,301.4,310.3,2203,16.6,169,0,0,0,0,0,0,client_3
8441,L55620,L,298.6,309.8,1370,56.0,0,0,0,0,0,0,0,client_3
3636,M18495,M,302.1,311.2,1616,35.1,57,0,0,0,0,0,0,client_3
6138,M20997,M,300.9,310.8,1988,19.7,136,0,0,0,0,0,0,client_3
4437,M19296,M,302.4,310.1,1577,35.8,136,0,0,0,0,0,0,client_3
3602,L50781,L,301.7,310.5,1377,43.1,183,0,0,0,0,0,0,client_3
4721,M19580,M,303.4,311.7,1353,44.1,192,1,0,1,0,0,0,client_3
6307,L53486,L,301.0,310.4,1563,34.4,124,0,0,0,0,0,0,client_3
2020,M16879,M,298.7,308.5,1660,27.0,50,0,0,0,0,0,0,client_3
9186,L56365,L,297.9,309.1,1442,50.3,24,0,0,0,0,0,0,client_3
7809,L54988,L,299.9,311.4,1627,36.7,118,0,0,0,0,0,0,client_3
2559,M17418,M,299.2,309.0,1881,23.9,137,0,0,0,0,0,0,client_3
7938,L55117,L,300.8,311.7,1578,31.4,219,0,0,0,0,0,0,client_3
893,L48072,L,295.7,306.1,1343,54.4,119,0,0,0,0,0,0,client_3
5233,L52412,L,303.6,312.9,1381,57.8,27,0,0,0,0,0,0,client_3
2402,M17261,M,299.2,308.6,1367,47.6,168,0,0,0,0,0,0,client_3
8936,L56115,L,297.4,308.3,1801,26.9,11,0,0,0,0,0,0,client_3
9168,M24027,M,297.6,308.7,1392,41.2,178,0,0,0,0,0,0,client_3
4485,M19344,M,302.6,310.4,1451,43.1,35,0,0,0,0,0,0,client_3
9368,L56547,L,297.9,308.5,1472,45.1,70,0,0,0,0,0,0,client_3
150,L47329,L,298.4,308.3,1473,39.9,184,0,0,0,0,0,0,client_3
9066,H38479,H,297.2,308.4,2182,17.3,119,0,0,0,0,0,0,client_3
442,H29855,H,297.5,308.5,1393,46.6,56,0,0,0,0,0,0,client_3
3827,H33240,H,302.3,310.8,1438,43.8,119,0,0,0,0,0,0,client_3
430,L47609,L,297.5,308.6,1208,62.3,28,0,0,0,0,0,0,client_3
6689,L53868,L,301.7,311.0,1548,40.3,21,0,0,0,0,0,0,client_3
2380,H31793,H,299.1,308.2,1450,46.1,112,0,0,0,0,0,0,client_3
5557,H34970,H,302.5,312.0,1357,42.0,179,0,0,0,0,0,0,client_3
6182,L53361,L,301.0,310.8,1975,19.7,17,0,0,0,0,0,0,client_3
7480,M22339,M,300.1,311.3,1523,34.1,135,0,0,0,0,0,0,client_3
1706,M16565,M,298.1,307.8,1608,32.6,57,0,0,0,0,0,0,client_3
2484,M17343,M,298.9,308.7,1402,49.8,167,0,0,0,0,0,0,client_3
1581,M16440,M,298.3,308.4,1444,47.5,178,0,0,0,0,0,0,client_3
4452,L51631,L,302.5,310.3,1549,40.9,170,0,0,0,0,0,0,client_3
4101,L51280,L,302.0,310.4,1895,23.2,161,0,0,0,0,0,0,client_3
3943,M18802,M,302.2,311.4,1398,47.2,202,0,0,0,0,0,0,client_3
3948,H33361,H,302.2,311.3,1749,29.2,5,0,0,0,0,0,0,client_3
9744,L56923,L,298.9,310.2,1562,42.5,179,0,0,0,0,0,0,client_3
7404,L54583,L,299.8,310.8,1376,48.6,159,0,0,0,0,0,0,client_3
7672,M22531,M,300.5,311.6,1456,51.1,193,0,0,0,0,0,0,client_3
4090,M18949,M,301.9,310.5,1590,40.3,130,0,0,0,0,0,0,client_3
2947,M17806,M,300.7,309.5,1622,30.5,14,0,0,0,0,0,0,client_3
5192,L52371,L,304.0,313.2,1416,46.0,128,0,0,0,0,0,0,client_3
6554,L53733,L,301.4,310.8,1389,52.7,125,0,0,0,0,0,0,client_3
6372,L53551,L,300.1,309.6,1546,36.7,77,0,0,0,0,0,0,client_3
7976,M22835,M,301.2,312.3,1548,38.3,87,0,0,0,0,0,0,client_3
6150,M21009,M,301.0,311.1,1420,47.4,167,0,0,0,0,0,0,client_3
4330,L51509,L,301.6,310.0,1566,30.3,79,0,0,0,0,0,0,client_3
1835,L49014,L,297.8,307.2,1498,38.1,188,0,0,0,0,0,0,client_3
9882,L57061,L,298.8,309.8,1493,38.5,132,0,0,0,0,0,0,client_3
4055,M18914,M,301.9,310.9,1456,43.6,45,0,0,0,0,0,0,client_3
271,H29684,H,298.0,308.0,1520,39.6,51,0,0,0,0,0,0,client_3
1024,L48203,L,296.2,307.3,1881,24.3,40,0,0,0,0,0,0,client_3
1892,L49071,L,297.7,307.4,1764,29.0,139,0,0,0,0,0,0,client_3
5055,L52234,L,303.8,312.9,1619,35.7,182,0,0,0,0,0,0,client_3
6683,L53862,L,301.5,310.8,1512,38.9,9,0,0,0,0,0,0,client_3
1197,M16056,M,297.0,307.9,1493,34.7,57,0,0,0,0,0,0,client_3
1447,M16306,M,299.0,310.2,1628,35.8,64,0,0,0,0,0,0,client_3
7731,L54910,L,300.6,311.9,1472,44.2,126,0,0,0,0,0,0,client_3
138,L47317,L,298.7,308.6,1297,55.3,148,0,0,0,0,0,0,client_3
7084,L54263,L,300.7,310.4,1416,61.8,209,1,0,0,1,1,0,client_3
7020,L54199,L,300.8,310.8,1741,27.1,39,0,0,0,0,0,0,client_3
3754,L50933,L,302.2,311.0,1463,46.8,150,0,0,0,0,0,0,client_3
5736,L52915,L,302.4,311.8,1673,30.1,210,0,0,0,0,0,0,client_3
7969,L55148,L,300.9,312.2,1811,23.2,72,0,0,0,0,0,0,client_3
1136,L48315,L,296.9,307.9,1535,39.2,133,0,0,0,0,0,0,client_3
6294,H35707,H,301.0,310.4,1512,44.9,86,0,0,0,0,0,0,client_3
9378,H38791,H,297.7,308.3,1488,41.0,101,0,0,0,0,0,0,client_3
5905,M20764,M,300.8,310.5,1330,59.0,190,0,0,0,0,0,0,client_3
7416,L54595,L,300.1,311.2,1489,39.1,188,0,0,0,0,0,0,client_3
1792,L48971,L,298.1,307.8,1524,40.8,71,0,0,0,0,0,0,client_3
834,L48013,L,296.6,307.4,1616,28.0,175,0,0,0,0,0,0,client_3
5444,M20303,M,303.0,312.7,1426,46.8,99,0,0,0,0,0,0,client_3
6782,M21641,M,301.3,310.8,1494,35.3,54,0,0,0,0,0,0,client_3
7036,L54215,L,300.6,310.6,1497,38.2,83,0,0,0,0,0,0,client_3
4766,L51945,L,303.7,312.0,1892,22.5,79,0,0,0,0,0,0,client_3
1693,M16552,M,298.1,307.6,1764,27.7,23,0,0,0,0,0,0,client_3
1601,M16460,M,297.8,307.8,1543,43.7,8,0,0,0,0,0,0,client_3
5899,L53078,L,301.0,310.7,1300,57.2,174,0,0,0,0,0,0,client_3
4171,M19030,M,302.2,310.6,1355,51.5,126,1,0,1,0,0,0,client_3
5741,M20600,M,302.3,311.7,1535,38.3,5,0,0,0,0,0,0,client_3
3570,M18429,M,301.8,310.6,1552,35.9,97,0,0,0,0,0,0,client_3
1681,M16540,M,297.9,307.4,1610,34.6,219,0,0,0,0,0,0,client_3
4767,M19626,M,303.6,312.0,1645,35.7,81,0,0,0,0,0,0,client_3
4877,M19736,M,303.7,312.4,1540,37.4,146,0,0,0,0,0,0,client_3
2574,L49753,L,299.5,309.2,1499,41.5,175,0,0,0,0,0,0,client_3
4689,L51868,L,303.5,311.6,1577,38.1,112,0,0,0,0,0,0,client_3
9709,L56888,L,299.0,310.1,1664,29.7,89,0,0,0,0,0,0,client_3
4245,L51424,L,302.4,310.9,1469,39.6,86,0,0,0,0,0,0,client_3
641,M15500,M,297.9,309.6,1515,38.8,124,0,0,0,0,0,0,client_3
6465,M21324,M,300.5,309.9,1735,27.0,107,0,0,0,0,0,0,client_3
4160,M19019,M,302.0,310.5,1639,32.9,94,0,0,0,0,0,0,client_3
7369,M22228,M,299.6,310.2,1620,30.0,70,0,0,0,0,0,0,client_3
5587,M20446,M,302.4,311.8,1557,31.5,49,0,0,0,0,0,0,client_3
2307,L49486,L,299.1,308.6,1260,57.8,152,0,0,0,0,0,0,client_3
8593,M23452,M,297.5,308.0,1430,44.5,178,0,0,0,0,0,0,client_3
9473,M24332,M,298.7,309.4,1375,48.3,157,0,0,0,0,0,0,client_3
6044,M20903,M,300.7,310.9,1468,41.8,112,0,0,0,0,0,0,client_3
5165,M20024,M,304.3,313.4,1624,32.1,53,0,0,0,0,0,0,client_3
2215,H31628,H,299.7,309.2,1355,44.8,127,0,0,0,0,0,0,client_3
5980,H35393,H,300.6,310.7,1501,45.3,175,0,0,0,0,0,0,client_3
3901,M18760,M,302.1,311.1,1450,51.6,86,0,0,0,0,0,0,client_3
1659,H31072,H,298.1,308.0,1570,35.3,159,0,0,0,0,0,0,client_3
2001,L49180,L,298.4,308.1,1279,53.1,9,0,0,0,0,0,0,client_3
6519,H35932,H,301.0,310.0,1212,67.9,30,0,0,0,0,0,0,client_3
1522,M16381,M,298.2,308.9,1585,34.3,33,0,0,0,0,0,0,client_3
1724,L48903,L,298.2,307.8,2029,19.9,96,0,0,0,0,0,0,client_3
3569,L50748,L,301.8,310.6,1372,54.7,95,0,0,0,0,0,0,client_3
3745,L50924,L,302.5,311.4,1409,53.1,126,0,0,0,0,0,0,client_3
2422,L49601,L,298.9,308.2,2384,15.0,19,0,0,0,0,0,0,client_3
3803,M18662,M,302.2,310.9,1488,44.2,57,0,0,0,0,0,0,client_3
2312,M17171,M,299.1,308.6,1491,38.5,166,0,0,0,0,0,0,client_3
9007,L56186,L,297.3,307.9,1417,41.8,186,0,0,0,0,0,0,client_3
4144,L51323,L,301.7,310.1,1500,39.6,56,0,0,0,0,0,0,client_3
8287,M23146,M,298.8,310.5,1678,32.8,4,0,0,0,0,0,0,client_3
3014,L50193,L,300.5,309.6,1390,48.4,194,0,0,0,0,0,0,client_3
9361,L56540,L,298.0,308.6,1532,42.6,54,0,0,0,0,0,0,client_3
793,L47972,L,296.8,307.8,1373,42.9,74,0,0,0,0,0,0,client_3
1765,H31178,H,298.2,307.6,1318,55.7,0,0,0,0,0,0,0,client_3
9047,L56226,L,297.4,308.4,1664,28.1,67,0,0,0,0,0,0,client_3
1989,H31402,H,298.3,307.9,1420,39.2,176,0,0,0,0,0,0,client_3
7549,L54728,L,300.2,311.4,1495,43.6,95,0,0,0,0,0,0,client_3
5122,L52301,L,304.2,313.6,1469,40.0,154,0,0,0,0,0,0,client_3
2537,L49716,L,298.9,308.8,1281,53.9,77,0,0,0,0,0,0,client_3
2952,L50131,L,300.7,309.5,1685,31.1,27,0,0,0,0,0,0,client_3
318,L47497,L,297.8,308.4,1685,28.4,179,0,0,0,0,0,0,client_3
7304,L54483,L,300.1,310.6,1374,45.4,119,0,0,0,0,0,0,client_3
783,L47962,L,296.8,307.9,1698,30.8,48,0,0,0,0,0,0,client_3
7542,M22401,M,300.3,311.5,1528,40.9,76,0,0,0,0,0,0,client_3
4186,L51365,L,302.2,310.6,1348,48.4,161,1,0,1,0,0,0,client_3
9417,M24276,M,298.1,308.5,1463,45.9,3,0,0,0,0,0,0,client_3
6840,L54019,L,301.2,311.2,1558,34.1,204,0,0,0,0,0,0,client_3
666,L47845,L,297.5,308.9,1729,28.1,189,0,0,0,0,0,0,client_3
1404,L48583,L,299.0,310.2,1372,48.0,174,0,0,0,0,0,0,client_3
4043,L51222,L,302.0,310.9,1564,39.0,15,0,0,0,0,0,0,client_3
4220,L51399,L,301.9,310.7,1717,26.8,27,0,0,0,0,0,0,client_3
1451,M16310,M,299.0,310.3,1447,39.9,78,0,0,0,0,0,0,client_3
6760,L53939,L,301.7,311.0,1441,44.3,208,1,1,0,0,0,0,client_3
4638,M19497,M,303.1,311.3,1847,24.7,212,0,0,0,0,0,0,client_3
8725,M23584,M,297.2,308.6,1513,39.0,78,0,0,0,0,0,0,client_3
3909,L51088,L,302.3,311.2,1633,36.4,114,0,0,0,0,0,0,client_3
6607,H36020,H,301.5,310.5,1538,44.3,43,0,0,0,0,0,0,client_3
9899,L57078,L,298.7,309.2,1396,44.8,178,0,0,0,0,0,0,client_3
3132,L50311,L,300.1,309.5,1660,32.7,57,0,0,0,0,0,0,client_3
1653,H31066,H,297.9,307.8,1635,34.0,142,0,0,0,0,0,0,client_3
3693,L50872,L,302.1,311.3,1758,24.4,200,0,0,0,0,0,0,client_3
6279,L53458,L,301.2,310.7,1568,38.3,49,0,0,0,0,0,0,client_3
263,M15122,M,298.1,308.2,1736,26.8,27,0,0,0,0,0,0,client_3
4326,L51505,L,301.6,310.2,1384,57.1,68,0,0,0,0,0,0,client_3
8039,L55218,L,300.7,311.8,1486,47.3,19,0,0,0,0,0,0,client_3
8085,L55264,L,300.2,311.4,1483,44.4,141,0,0,0,0,0,0,client_3
2138,L49317,L,299.3,308.9,1623,31.1,152,0,0,0,0,0,0,client_3
5314,M20173,M,303.7,312.9,1566,32.6,9,0,0,0,0,0,0,client_3
8062,M22921,M,300.2,311.6,1465,41.4,78,0,0,0,0,0,0,client_3
1846,L49025,L,297.7,307.2,1444,40.0,17,0,0,0,0,0,0,client_3
5415,L52594,L,302.6,312.3,1534,34.3,31,0,0,0,0,0,0,client_3
6274,L53453,L,301.2,310.8,1711,28.9,38,0,0,0,0,0,0,client_3
6702,L53881,L,301.6,310.9,1623,34.1,56,0,0,0,0,0,0,client_3
6448,L53627,L,300.6,310.1,1337,45.8,62,0,0,0,0,0,0,client_3
2545,L49724,L,299.2,309.0,1951,21.4,102,0,0,0,0,0,0,client_3
3984,L51163,L,302.2,311.3,1389,46.9,106,0,0,0,0,0,0,client_3
7473,M22332,M,300.3,311.6,1617,32.5,115,0,0,0,0,0,0,client_3
6107,L53286,L,300.9,311.0,1432,48.1,59,0,0,0,0,0,0,client_3
6072,M20931,M,300.9,310.8,1452,43.6,185,0,0,0,0,0,0,client_3
8590,M23449,M,297.3,307.8,1538,48.0,171,0,0,0,0,0,0,client_3
2590,L49769,L,299.0,308.7,2250,16.6,208,0,0,0,0,0,0,client_3
8389,L55568,L,298.9,309.9,1365,46.5,75,0,0,0,0,0,0,client_3
3555,L50734,L,301.9,310.8,1525,43.2,62,0,0,0,0,0,0,client_3
4974,L52153,L,303.8,312.7,1461,38.2,188,0,0,0,0,0,0,client_3
602,L47781,L,297.9,309.7,2194,16.8,27,0,0,0,0,0,0,client_3
228,L47407,L,298.3,308.5,1539,36.1,168,0,0,0,0,0,0,client_3
5040,H34453,H,304.1,313.3,1689,32.5,134,0,0,0,0,0,0,client_3
8102,L55281,L,300.3,311.8,1567,37.7,180,0,0,0,0,0,0,client_3
9636,L56815,L,299.2,310.2,1609,33.2,156,0,0,0,0,0,0,client_3
1367,M16226,M,298.7,310.1,1368,56.8,72,0,0,0,0,0,0,client_3
6608,L53787,L,301.5,310.5,1556,39.1,48,0,0,0,0,0,0,client_3
9427,L56606,L,298.1,308.7,1341,55.7,30,0,0,0,0,0,0,client_3
9547,M24406,M,299.7,311.2,1560,43.9,126,0,0,0,0,0,0,client_3
6965,M21824,M,300.7,311.0,1263,52.3,104,0,0,0,0,0,0,client_3
4289,M19148,M,301.7,310.0,1391,50.6,195,0,0,0,0,0,0,client_3
4570,L51749,L,302.8,310.9,1636,35.0,38,0,0,0,0,0,0,client_3
2734,L49913,L,299.7,309.2,1422,40.4,140,0,0,0,0,0,0,client_3
1588,M16447,M,298.2,308.3,1448,43.3,199,0,0,0,0,0,0,client_3
9705,L56884,L,298.9,310.1,1577,41.4,80,0,0,0,0,0,0,client_3
5191,L52370,L,304.1,313.2,1452,48.0,126,0,0,0,0,0,0,client_3
1836,H31249,H,297.8,307.3,1555,35.8,190,0,0,0,0,0,0,client_3
5252,M20111,M,303.4,312.9,1307,54.3,68,0,0,0,0,0,0,client_3
6192,H35605,H,301.0,310.9,1916,22.0,42,0,0,0,0,0,0,client_3
1151,L48330,L,297.1,307.9,1456,50.0,166,0,0,0,0,0,0,client_3
9500,L56679,L,299.2,310.1,1534,37.7,10,0,0,0,0,0,0,client_3
4650,M19509,M,303.3,311.4,1395,59.1,4,0,0,0,0,0,0,client_3
2022,L49201,L,298.7,308.5,1480,42.2,58,0,0,0,0,0,0,client_3
2532,M17391,M,298.8,308.5,1510,38.7,66,0,0,0,0,0,0,client_3
9975,L57154,L,298.6,308.2,1361,68.2,172,1,0,0,1,1,0,client_3
741,M15600,M,296.9,308.4,1450,46.9,186,0,0,0,0,0,0,client_3
7640,L54819,L,300.5,311.4,1466,41.8,112,0,0,0,0,0,0,client_3
4989,L52168,L,303.8,313.1,2497,13.0,5,1,0,0,1,0,0,client_3
2015,L49194,L,298.6,308.4,1310,59.7,40,0,0,0,0,0,0,client_3
8727,L55906,L,297.2,308.6,1562,33.0,84,0,0,0,0,0,0,client_3
7433,L54612,L,300.1,311.4,1484,43.1,13,0,0,0,0,0,0,client_3
6249,L53428,L,300.8,310.1,1405,61.2,189,1,0,0,1,1,0,client_3
879,M15738,M,295.7,306.3,1685,34.9,84,0,0,0,0,0,0,client_3
8309,L55488,L,298.7,310.1,1401,45.3,67,0,0,0,0,0,0,client_3
4021,L51200,L,302.1,311.0,1351,49.5,196,0,0,0,0,0,0,client_3
4298,M19157,M,301.8,310.2,1609,34.2,217,0,0,0,0,0,0,client_3
2598,L49777,L,299.0,308.7,1449,38.9,18,0,0,0,0,0,0,client_3
6605,M21464,M,301.5,310.6,1573,37.4,37,0,0,0,0,0,0,client_3
9018,M23877,M,297.3,308.1,1369,52.0,214,0,0,0,0,0,0,client_3
1358,L48537,L,298.6,309.9,1461,45.7,49,0,0,0,0,0,0,client_3
3355,L50534,L,301.6,310.9,1559,40.2,191,0,0,0,0,0,0,client_3
2885,L50064,L,300.6,309.6,1409,42.4,57,0,0,0,0,0,0,client_3
9998,M24857,M,299.0,308.6,1645,33.4,22,0,0,0,0,0,0,client_3
4556,L51735,L,302.7,310.6,1690,26.7,4,0,0,0,0,0,0,client_3
9494,L56673,L,299.1,309.8,1398,55.4,217,1,0,0,0,1,0,client_3
8198,M23057,M,299.4,310.7,1492,45.7,219,0,0,0,0,0,0,client_3
1231,M16090,M,297.1,308.4,1880,23.5,155,0,0,0,0,0,0,client_3
3376,M18235,M,301.4,310.6,1459,46.9,27,0,0,0,0,0,0,client_3
4177,M19036,M,302.3,310.7,1544,39.7,141,0,0,0,0,0,0,client_3
9174,H38587,H,297.8,308.9,1650,32.2,195,0,0,0,0,0,0,client_3
2148,L49327,L,299.4,308.9,1550,33.7,174,0,0,0,0,0,0,client_3
5664,M20523,M,302.3,311.5,1530,42.3,21,0,0,0,0,0,0,client_3
592,H30005,H,297.5,309.3,1525,41.7,235,0,0,0,0,0,0,client_3
2183,M17042,M,299.5,309.2,1314,61.8,45,0,0,0,0,0,0,client_3
2597,L49776,L,299.0,308.7,1426,38.6,16,0,0,0,0,0,0,client_3
3915,L51094,L,302.5,311.5,1493,35.1,131,0,0,0,0,0,0,client_3
3067,M17926,M,300.1,309.2,1457,44.3,98,0,0,0,0,0,0,client_3
4303,L51482,L,301.7,310.1,2695,12.6,10,0,0,0,0,0,0,client_3
1263,H30676,H,297.8,309.2,1648,33.0,29,0,0,0,0,0,0,client_3
2308,H31721,H,299.0,308.5,1623,33.5,154,0,0,0,0,0,0,client_3
9989,L57168,L,298.9,308.6,1771,24.1,213,0,0,0,0,0,0,client_3
4925,H34338,H,303.4,312.3,1522,42.1,62,0,0,0,0,0,0,client_3
4617,L51796,L,303.1,311.4,1829,24.5,159,0,0,0,0,0,0,client_3
4353,L51532,L,301.9,309.7,1424,42.8,140,0,0,0,0,0,0,client_3
9042,L56221,L,297.3,308.3,1309,61.5,56,0,0,0,0,0,0,client_3
2694,M17553,M,300.1,309.6,1622,36.1,43,0,0,0,0,0,0,client_3
3742,L50921,L,302.4,311.3,1503,38.2,120,0,0,0,0,0,0,client_3
6961,L54140,L,300.7,311.0,1413,52.0,91,0,0,0,0,0,1,client_3
3121,H32534,H,300.1,309.4,1563,40.8,28,0,0,0,0,0,0,client_3
8794,L55973,L,297.4,308.5,1782,25.9,54,0,0,0,0,0,0,client_3
3551,M18410,M,301.9,311.0,1432,41.5,51,0,0,0,0,0,0,client_3
5276,L52455,L,303.7,313.1,1423,41.2,124,0,0,0,0,0,0,client_3
5849,L53028,L,301.4,311.3,2323,15.9,50,0,0,0,0,0,0,client_3
5107,L52286,L,304.0,313.3,1519,36.7,117,0,0,0,0,0,0,client_3
182,H29595,H,298.2,308.3,1824,24.2,49,0,0,0,0,0,0,client_3
177,L47356,L,298.2,308.1,1618,34.7,39,0,0,0,0,0,0,client_3
2843,L50022,L,300.3,309.3,1345,53.5,192,0,0,0,0,0,0,client_3
1510,L48689,L,298.0,308.5,1429,37.7,220,1,1,0,0,0,0,client_3
4946,L52125,L,303.6,312.7,1418,44.1,118,0,0,0,0,0,0,client_3
8532,L55711,L,298.6,309.3,1449,46.5,26,0,0,0,0,0,0,client_3
6327,L53506,L,300.6,310.0,1455,40.4,172,0,0,0,0,0,0,client_3
8548,M23407,M,298.4,309.4,1666,24.3,68,0,0,0,0,0,0,client_3
8534,M23393,M,298.6,309.4,1465,41.1,30,0,0,0,0,0,0,client_3
310,M15169,M,297.9,308.5,1449,40.8,157,0,0,0,0,0,0,client_3
1832,M16691,M,297.8,307.3,1315,54.0,180,0,0,0,0,0,0,client_3
6617,M21476,M,301.7,310.6,1380,45.8,70,0,0,0,0,0,0,client_3
9453,M24312,M,298.0,308.7,1392,53.4,104,0,0,0,0,0,0,client_3
6712,L53891,L,301.5,310.7,1426,46.1,81,0,0,0,0,0,0,client_3
5652,M20511,M,302.5,312.0,1447,45.7,210,0,0,0,0,0,0,client_3
7387,M22246,M,299.8,310.6,1574,31.8,113,0,0,0,0,0,0,client_3
2962,L50141,L,300.6,309.4,1654,32.8,57,0,0,0,0,0,0,client_3
7377,L54556,L,299.5,310.0,1481,43.1,90,0,0,0,0,0,0,client_3
9950,M24809,M,298.2,307.8,1411,53.4,110,0,0,0,0,0,0,client_3
740,L47919,L,296.9,308.4,1390,41.8,184,0,0,0,0,0,0,client_3
7588,L54767,L,300.4,311.1,1405,54.1,193,0,0,0,0,0,0,client_3
1014,M15873,M,296.1,307.2,1619,29.7,17,0,0,0,0,0,0,client_3
2812,L49991,L,299.9,309.2,1761,25.6,115,0,0,0,0,0,0,client_3
6324,L53503,L,300.7,310.1,1351,46.9,165,0,0,0,0,0,0,client_3
8741,M23600,M,297.4,308.8,1573,33.9,123,0,0,0,0,0,0,client_3
1102,H30515,H,296.7,307.5,1607,33.6,38,0,0,0,0,0,0,client_3
5353,M20212,M,303.4,312.8,1590,36.3,113,0,0,0,0,0,0,client_3
5841,M20700,M,301.3,311.1,1581,30.9,31,0,0,0,0,0,0,client_3
1171,M16030,M,297.1,308.1,1823,24.3,219,0,0,0,0,0,0,client_3
2393,L49572,L,299.2,308.5,1340,50.0,144,0,0,0,0,0,0,client_3
5129,L52308,L,304.2,313.4,1434,42.5,175,0,0,0,0,0,0,client_3
3853,L51032,L,302.3,310.9,2034,19.7,190,0,0,0,0,0,0,client_3
9932,L57111,L,298.3,308.3,1432,46.9,65,0,0,0,0,0,0,client_3
2270,L49449,L,299.3,308.6,1314,48.2,65,0,0,0,0,0,0,client_3
6537,L53716,L,301.3,310.5,1406,47.1,83,0,0,0,0,0,0,client_3
6800,M21659,M,301.1,310.7,2636,12.2,100,1,0,0,1,0,0,client_3
428,M15287,M,297.5,308.5,1496,42.2,22,0,0,0,0,0,0,client_3
6730,H36143,H,301.5,310.9,1524,40.4,124,0,0,0,0,0,0,client_3
8848,L56027,L,297.5,308.9,1443,43.5,0,0,0,0,0,0,0,client_3
194,H29607,H,298.2,308.4,1678,34.6,81,0,0,0,0,0,0,client_3
2729,L49908,L,299.7,309.3,1779,25.5,129,0,0,0,0,0,0,client_3
7967,L55146,L,301.0,312.2,1602,35.9,67,0,0,0,0,0,0,client_3
211,L47390,L,298.4,308.7,1523,36.1,126,0,0,0,0,0,0,client_3
5274,L52453,L,303.6,313.1,1395,44.1,120,0,0,0,0,0,0,client_3
5516,H34929,H,302.7,312.0,1484,41.5,65,0,0,0,0,0,0,client_3
4301,M19160,M,301.7,310.1,1644,34.6,5,0,0,0,0,0,0,client_3
4835,M19694,M,303.4,311.9,1510,42.2,36,0,0,0,0,0,0,client_3
3002,L50181,L,300.5,309.8,1445,43.9,164,0,0,0,0,0,0,client_3
7841,L55020,L,300.2,311.6,1606,31.0,199,0,0,0,0,0,0,client_3
3271,L50450,L,301.4,310.1,1937,21.8,205,0,0,0,0,0,0,client_3
7498,M22357,M,300.3,311.8,1483,45.1,181,0,0,0,0,0,0,client_3
3203,L50382,L,300.2,309.2,1430,43.4,24,0,0,0,0,0,0,client_3
9672,L56851,L,299.0,310.2,1412,44.1,246,0,0,0,0,0,0,client_3
6877,L54056,L,300.8,311.2,1430,54.4,85,0,0,0,0,0,0,client_3
3895,M18754,M,302.3,311.2,1432,42.7,68,0,0,0,0,0,0,client_3
4903,L52082,L,303.6,312.3,1616,29.3,226,0,0,0,0,0,0,client_3
1549,M16408,M,298.3,308.8,1349,52.1,104,0,0,0,0,0,0,client_3
5404,L52583,L,302.7,312.3,1858,25.4,2,0,0,0,0,0,0,client_3
9484,H38897,H,298.9,309.6,1546,35.3,190,0,0,0,0,0,0,client_3
731,M15590,M,297.3,308.6,1471,50.7,157,0,0,0,0,0,0,client_3
9935,L57114,L,298.3,308.2,1472,44.3,71,0,0,0,0,0,0,client_3
2379,L49558,L,299.1,308.2,1348,56.1,110,0,0,0,0,0,0,client_3
6534,L53713,L,301.3,310.7,1504,47.2,74,0,0,0,0,0,0,client_3
6837,H36250,H,301.1,311.0,1339,52.8,194,0,0,0,0,0,0,client_3
2159,M17018,M,299.5,309.0,1399,49.7,207,0,0,0,0,0,0,client_3
8276,M23135,M,298.9,310.6,1720,25.3,197,0,0,0,0,0,0,client_3
6596,M21455,M,301.5,310.7,1460,38.6,14,0,0,0,0,0,0,client_3
4074,M18933,M,301.9,310.6,1412,46.5,89,0,0,0,0,0,0,client_3
4872,L52051,L,303.7,312.4,1513,40.1,135,0,0,0,0,0,0,client_3
8378,L55557,L,298.8,309.7,1336,50.3,44,0,0,0,0,0,0,client_3
8166,L55345,L,299.6,311.0,1552,33.2,139,0,0,0,0,0,0,client_3
4128,H33541,H,302.0,310.6,1438,43.2,12,0,0,0,0,0,0,client_3
446,L47625,L,297.5,308.6,1793,26.7,70,0,0,0,0,0,0,client_3
2819,L49998,L,300.2,309.5,1729,28.4,131,0,0,0,0,0,0,client_3
5133,L52312,L,304.1,313.3,1415,50.0,184,0,0,0,0,0,0,client_3
6319,M21178,M,300.9,310.3,1416,50.9,152,0,0,0,0,0,0,client_3
6377,L53556,L,300.0,309.6,1694,28.7,94,0,0,0,0,0,0,client_3
2165,L49344,L,299.6,309.2,1540,36.7,221,0,0,0,0,0,0,client_3
6651,L53830,L,301.6,310.4,1561,35.3,156,0,0,0,0,0,0,client_3
6211,L53390,L,300.8,310.5,1434,44.5,89,0,0,0,0,0,0,client_3
176,L47355,L,298.2,308.1,1382,43.5,37,0,0,0,0,0,0,client_3
8150,M23009,M,299.6,310.8,1427,50.4,98,0,0,0,0,0,0,client_3
5117,L52296,L,304.2,313.8,1401,53.9,142,0,0,0,0,0,0,client_3
6418,L53597,L,300.3,309.9,1540,39.9,203,0,0,0,0,0,0,client_3
8772,L55951,L,297.5,308.6,1536,39.0,202,0,0,0,0,0,0,client_3
2982,H32395,H,300.4,309.4,1530,40.4,112,0,0,0,0,0,0,client_3
5635,M20494,M,302.6,312.2,1353,56.5,168,0,0,0,0,0,0,client_3
4847,M19706,M,303.3,311.8,1548,33.5,75,0,0,0,0,0,0,client_3
8451,L55630,L,298.4,310.0,1559,44.2,23,0,0,0,0,0,0,client_3
3562,L50741,L,301.7,310.6,1486,38.5,78,0,0,0,0,0,0,client_3
5739,L52918,L,302.3,311.7,1281,48.8,0,0,0,0,0,0,0,client_3
3883,L51062,L,302.5,311.6,1419,43.7,39,0,0,0,0,0,0,client_3
2361,H31774,H,299.2,308.4,1388,53.2,59,0,0,0,0,0,0,client_3
2147,L49326,L,299.3,308.8,1647,32.9,172,0,0,0,0,0,0,client_3
751,L47930,L,296.7,308.0,1535,36.8,210,0,0,0,0,0,0,client_3
7546,L54725,L,300.2,311.4,1891,22.6,86,0,0,0,0,0,0,client_3
9147,L56326,L,297.6,308.6,1528,40.0,123,0,0,0,0,0,0,client_3
7149,M22008,M,300.3,309.8,1617,40.8,158,0,0,0,0,0,0,client_3
7716,L54895,L,300.5,311.5,1302,49.6,80,0,0,0,0,0,0,client_3
9413,L56592,L,298.0,308.5,1702,26.7,203,0,0,0,0,0,0,client_3
2889,M17748,M,300.6,309.6,1365,50.0,70,0,0,0,0,0,0,client_3
3552,L50731,L,301.9,310.9,1799,24.2,54,0,0,0,0,0,0,client_3
2010,M16869,M,298.6,308.3,1717,28.7,29,0,0,0,0,0,0,client_3
1365,L48544,L,298.7,310.2,1566,33.1,68,0,0,0,0,0,0,client_3
2445,L49624,L,299.2,308.6,1267,68.2,76,1,0,0,1,0,0,client_3
8677,M23536,M,297.3,308.5,1520,42.4,171,0,0,0,0,0,0,client_3
4410,M19269,M,302.4,310.1,1358,54.6,61,1,0,1,0,0,0,client_3
9617,L56796,L,298.9,310.1,1580,37.3,100,0,0,0,0,0,0,client_3
1666,H31079,H,298.2,307.9,1491,39.7,181,0,0,0,0,0,0,client_3
7123,L54302,L,300.9,310.4,1788,27.8,90,0,0,0,0,0,0,client_3
2221,M17080,M,299.6,309.0,1736,26.1,146,0,0,0,0,0,0,client_3
7993,M22852,M,301.1,312.3,1852,25.9,131,0,0,0,0,0,0,client_3
5491,L52670,L,302.6,312.1,1288,68.5,0,1,0,0,1,0,0,client_3
9229,M24088,M,298.1,309.1,1572,37.5,126,0,0,0,0,0,0,client_3
8543,H37956,H,298.4,309.4,1512,35.3,51,0,0,0,0,0,0,client_3
2487,M17346,M,298.9,308.7,1772,28.4,177,0,0,0,0,0,0,client_3
9809,M24668,M,298.2,309.0,1441,44.2,147,0,0,0,0,0,0,client_3
6849,M21708,M,301.1,311.3,1389,53.3,8,0,0,0,0,0,0,client_3
5638,M20497,M,302.5,312.0,1487,46.1,175,0,0,0,0,0,0,client_3
9601,M24460,M,298.9,310.0,1561,45.3,58,0,0,0,0,0,0,client_3
9354,L56533,L,298.2,308.8,1345,44.3,37,0,0,0,0,0,0,client_3
997,M15856,M,296.3,307.2,1286,51.1,177,0,0,0,0,0,0,client_3
3919,M18778,M,302.5,311.5,1358,52.7,139,0,0,0,0,0,0,client_3
9225,L56404,L,297.9,309.0,1450,46.8,118,0,0,0,0,0,0,client_3
1762,L48941,L,298.1,307.6,1950,20.3,202,0,0,0,0,0,0,client_3
22,L47201,L,298.8,309.3,1450,44.8,63,0,0,0,0,0,0,client_3
4795,L51974,L,303.6,312.6,1699,27.9,160,0,0,0,0,0,0,client_3
336,L47515,L,297.4,308.1,1749,25.9,8,0,0,0,0,0,0,client_3
6861,L54040,L,301.1,311.2,1910,20.2,41,0,0,0,0,0,0,client_3
7518,L54697,L,300.3,311.7,1445,47.3,15,0,0,0,0,0,0,client_3
2363,H31776,H,299.3,308.6,1520,41.4,67,0,0,0,0,0,0,client_3
6529,L53708,L,301.2,310.5,1546,40.0,55,0,0,0,0,0,0,client_3
7386,M22245,M,299.8,310.5,1375,53.9,110,0,0,0,0,0,0,client_3
7226,M22085,M,299.8,309.7,1910,21.8,141,0,0,0,0,0,0,client_3
767,L47946,L,296.8,308.0,1561,38.3,9,0,0,0,0,0,0,client_3
1976,L49155,L,298.0,307.7,1422,45.6,140,0,0,0,0,0,0,client_3
6584,M21443,M,301.5,310.5,1503,38.2,200,0,0,0,0,0,0,client_3
851,L48030,L,296.3,307.3,1567,31.4,5,0,0,0,0,0,0,client_3
4610,L51789,L,303.0,311.2,1456,44.0,142,0,0,0,0,0,0,client_3
3091,H32504,H,300.1,309.3,1448,45.8,163,0,0,0,0,0,0,client_3
2896,M17755,M,300.7,309.6,1473,48.1,87,0,0,0,0,0,0,client_3
3521,L50700,L,301.9,311.0,1669,32.2,191,0,0,0,0,0,0,client_3
5517,L52696,L,302.6,312.0,1674,32.2,70,0,0,0,0,0,0,client_3
4262,L51441,L,302.7,311.1,1730,28.1,135,0,0,0,0,0,0,client_3
8214,M23073,M,299.2,310.5,1548,33.5,35,0,0,0,0,0,0,client_3
2956,M17815,M,300.7,309.5,1439,43.8,41,0,0,0,0,0,0,client_3
2611,H32024,H,299.4,309.1,1547,40.9,50,0,0,0,0,0,0,client_3
1356,M16215,M,298.6,310.0,1681,35.5,44,0,0,0,0,0,0,client_3
729,M15588,M,297.4,308.7,1425,50.3,152,0,0,0,0,0,0,client_3
4642,H34055,H,303.1,311.3,1494,42.7,221,0,0,0,0,0,0,client_3
1230,L48409,L,297.1,308.4,1304,53.5,153,0,0,0,0,0,0,client_3
5896,M20755,M,301.2,310.9,1460,46.7,166,0,0,0,0,0,0,client_3
1284,L48463,L,298.3,309.4,1356,45.4,96,0,0,0,0,0,0,client_3
7266,L54445,L,300.4,310.6,1384,48.7,24,0,0,0,0,0,0,client_3
991,L48170,L,296.2,307.0,1414,48.3,162,0,0,0,0,0,0,client_3
4225,L51404,L,302.0,310.7,1698,28.1,39,0,0,0,0,0,0,client_3
8955,L56134,L,297.3,308.0,1447,49.0,61,0,0,0,0,0,0,client_3
9035,H38448,H,297.4,308.2,1585,46.2,37,0,0,0,0,0,0,client_3
4649,L51828,L,303.3,311.4,1630,32.5,2,0,0,0,0,0,0,client_3
3619,L50798,L,301.9,311.1,1448,46.3,14,0,0,0,0,0,0,client_3
4683,L51862,L,303.6,311.8,1567,31.7,97,0,0,0,0,0,0,client_3
9843,L57022,L,298.4,309.3,1395,47.6,24,0,0,0,0,0,0,client_3
5242,L52421,L,303.7,313.1,1683,28.4,46,0,0,0,0,0,0,client_3
7166,L54345,L,300.2,310.1,1392,47.9,201,0,0,0,0,0,0,client_3
7952,M22811,M,300.9,311.8,1843,24.5,25,0,0,0,0,0,0,client_3
7274,M22133,M,300.2,310.3,1704,29.2,42,0,0,0,0,0,0,client_3
1137,L48316,L,296.9,307.8,1557,38.1,135,0,0,0,0,0,0,client_3
9751,L56930,L,298.7,310.0,1555,32.6,197,0,0,0,0,0,0,client_3
9144,L56323,L,297.6,308.5,1452,42.6,116,0,0,0,0,0,0,client_3
7923,L55102,L,300.7,311.9,1462,39.7,181,0,0,0,0,0,0,client_3
6570,M21429,M,301.4,310.7,1375,42.0,168,0,0,0,0,0,0,client_3
1423,L48602,L,298.7,309.8,1530,35.5,0,0,0,0,0,0,0,client_3
6132,H35545,H,301.0,311.0,1640,37.6,118,0,0,0,0,0,0,client_3
6252,M21111,M,300.8,310.2,1598,36.5,195,0,0,0,0,0,0,client_3
7055,H36468,H,300.7,310.5,1476,43.1,134,0,0,0,0,0,0,client_3
4578,L51757,L,303.0,311.2,1800,23.7,61,0,0,0,0,0,0,client_3
7236,L54415,L,299.8,310.0,1361,53.8,167,0,0,0,0,0,0,client_3
8710,L55889,L,297.1,308.5,1578,35.6,46,0,0,0,0,0,0,client_3
3396,L50575,L,301.4,310.5,1647,33.3,85,0,0,0,0,0,0,client_3
774,L47953,L,296.8,308.0,1510,39.4,29,0,0,0,0,0,0,client_3
4396,L51575,L,302.3,310.1,1513,40.4,22,0,0,0,0,0,0,client_3
8745,M23604,M,297.4,308.7,1798,23.0,135,0,0,0,0,0,0,client_3
4153,M19012,M,302.0,310.5,1425,44.7,76,0,0,0,0,0,0,client_3
1352,L48531,L,298.7,310.2,1525,43.7,34,0,0,0,0,0,0,client_3
7070,L54249,L,300.8,310.7,1525,39.4,175,0,0,0,0,0,0,client_3
3197,L50376,L,300.0,309.1,1489,40.3,7,0,0,0,0,0,0,client_3
7119,L54298,L,300.9,310.5,1565,35.9,81,0,0,0,0,0,0,client_3
3385,L50564,L,301.3,310.6,1426,40.7,54,0,0,0,0,0,0,client_3
2373,M17232,M,299.3,308.5,1404,49.4,93,0,0,0,0,0,0,client_3
3912,M18771,M,302.3,311.3,1339,50.8,123,0,0,0,0,0,0,client_3
8545,H37958,H,298.5,309.4,2011,21.0,59,0,0,0,0,0,0,client_3
9468,L56647,L,298.6,309.3,1702,27.6,143,0,0,0,0,0,0,client_3
7296,M22155,M,300.1,310.5,1329,57.4,99,0,0,0,0,0,0,client_3
9964,L57143,L,298.3,307.9,1435,39.9,143,0,0,0,0,0,0,client_3
6461,L53640,L,300.6,310.0,1313,52.9,93,0,0,0,0,0,0,client_3
4506,L51685,L,302.4,310.1,1426,46.8,95,0,0,0,0,0,0,client_3
6516,L53695,L,301.0,310.0,1480,43.5,21,0,0,0,0,0,0,client_3
1177,M16036,M,297.2,308.3,1429,42.0,6,0,0,0,0,0,0,client_3
48,L47227,L,298.8,309.1,1418,46.3,133,0,0,0,0,0,0,client_3
5083,H34496,H,304.1,313.2,1590,43.4,52,0,0,0,0,0,0,client_3
1801,M16660,M,298.0,307.5,1524,36.3,98,0,0,0,0,0,0,client_3
945,M15804,M,295.7,306.3,1712,28.5,43,0,0,0,0,0,0,client_3
8588,M23447,M,297.4,307.9,1627,34.3,166,0,0,0,0,0,0,client_3
7540,L54719,L,300.2,311.3,1487,36.9,71,0,0,0,0,0,0,client_3
790,M15649,M,296.9,308.0,1641,33.3,67,0,0,0,0,0,0,client_3
8234,M23093,M,299.1,310.6,1449,43.2,80,0,0,0,0,0,0,client_3
4541,M19400,M,302.5,310.4,1580,35.6,176,0,0,0,0,0,0,client_3
1281,H30694,H,298.3,309.5,1521,37.1,84,0,0,0,0,0,0,client_3
6507,H35920,H,301.0,310.1,1454,44.1,217,0,0,0,0,0,0,client_3
7165,M22024,M,300.2,310.1,1474,44.0,198,0,0,0,0,0,0,client_3
5241,L52420,L,303.7,313.0,1694,28.0,44,0,0,0,0,0,0,client_3
1362,M16221,M,298.6,310.1,1458,41.9,61,0,0,0,0,0,0,client_3
1310,L48489,L,298.9,310.2,1654,31.1,158,0,0,0,0,0,0,client_3
2899,M17758,M,300.6,309.5,1550,40.2,96,0,0,0,0,0,0,client_3
7164,M22023,M,300.1,310.1,1501,39.3,195,0,0,0,0,0,0,client_3
4959,L52138,L,303.8,312.5,1523,47.0,152,0,0,0,0,0,0,client_3
7272,M22131,M,300.3,310.4,1293,49.7,37,0,0,0,0,0,0,client_3
929,L48108,L,295.6,306.0,1949,21.9,5,0,0,0,0,0,0,client_3
9367,L56546,L,298.0,308.5,1461,48.0,68,0,0,0,0,0,0,client_3
6209,M21068,M,300.7,310.6,1418,46.3,84,0,0,0,0,0,0,client_3
3784,H33197,H,302.2,310.8,1397,47.6,11,0,0,0,0,0,0,client_3
5456,M20315,M,303.1,312.6,1895,23.5,129,0,0,0,0,0,0,client_3
8223,L55402,L,299.0,310.5,1755,27.9,56,0,0,0,0,0,0,client_3
6014,L53193,L,300.7,310.8,1597,30.5,38,0,0,0,0,0,0,client_3
9875,M24734,M,298.9,309.9,1449,44.1,112,0,0,0,0,0,0,client_3
4344,L51523,L,301.7,309.8,1491,39.3,114,0,0,0,0,0,0,client_3
7858,L55037,L,300.5,311.9,1432,43.1,16,0,0,0,0,0,0,client_3
1302,L48481,L,298.7,309.9,1483,32.8,142,0,0,0,0,0,0,client_3
7291,L54470,L,300.3,310.6,1806,24.4,88,0,0,0,0,0,0,client_3
7624,L54803,L,300.6,311.7,1734,29.9,72,0,0,0,0,0,0,client_3
5360,M20219,M,303.3,312.6,1397,47.1,137,0,0,0,0,0,0,client_3
2324,M17183,M,299.2,308.7,1401,47.0,198,0,0,0,0,0,0,client_3
1741,M16600,M,298.5,307.9,1640,33.1,146,0,0,0,0,0,0,client_3
1523,H30936,H,298.2,309.0,1562,37.7,36,0,0,0,0,0,0,client_3
9386,M24245,M,297.5,308.1,1907,23.5,125,0,0,0,0,0,0,client_3
7612,L54791,L,300.5,311.4,1611,32.7,44,0,0,0,0,0,0,client_3
1880,M16739,M,298.2,307.7,1608,33.8,106,0,0,0,0,0,0,client_3
6292,M21151,M,301.1,310.5,1547,35.8,81,0,0,0,0,0,0,client_3
4201,L51380,L,302.5,311.1,1571,34.2,201,0,0,0,0,0,0,client_3
169,L47348,L,298.4,308.3,1433,62.3,20,1,0,0,1,0,0,client_3
8618,L55797,L,297.6,308.6,1529,45.3,15,0,0,0,0,0,0,client_3
4420,M19279,M,302.6,310.2,2676,10.8,84,1,0,0,1,0,0,client_3
6295,L53474,L,301.1,310.5,1529,38.7,91,0,0,0,0,0,0,client_3
3454,L50633,L,301.5,310.4,1425,54.4,7,0,0,0,0,0,0,client_3
4317,L51496,L,301.5,310.1,1639,33.4,47,0,0,0,0,0,0,client_3
3506,L50685,L,301.6,310.8,1726,26.7,150,0,0,0,0,0,0,client_3
9237,L56416,L,298.1,308.7,1556,31.6,145,0,0,0,0,0,0,client_3
2351,L49530,L,299.3,308.6,1744,26.4,33,0,0,0,0,0,0,client_3
2731,L49910,L,299.6,309.2,1425,45.9,133,0,0,0,0,0,0,client_3
4033,L51212,L,302.0,310.8,1383,50.3,231,1,0,0,0,1,0,client_3
9999,H39412,H,299.0,308.7,1408,48.5,25,0,0,0,0,0,0,client_3
7857,L55036,L,300.4,311.8,1433,42.2,14,0,0,0,0,0,0,client_3
5913,M20772,M,300.7,310.3,1659,29.8,6,0,0,0,0,0,0,client_3
7367,H36780,H,299.6,310.1,1531,36.8,62,0,0,0,0,0,0,client_3
8531,M23390,M,298.5,309.3,1615,31.8,23,0,0,0,0,0,0,client_3
6818,M21677,M,301.0,310.7,1493,48.1,145,0,0,0,0,0,0,client_3
2095,L49274,L,299.4,309.3,1377,43.6,28,0,0,0,0,0,0,client_3
5608,M20467,M,302.9,312.2,1745,25.5,98,0,0,0,0,0,0,client_3
5582,M20441,M,302.5,312.1,1454,47.6,37,0,0,0,0,0,0,client_3
3719,L50898,L,302.4,311.4,1450,44.1,56,0,0,0,0,0,0,client_3
5654,L52833,L,302.4,311.7,1495,36.8,215,0,0,0,0,0,0,client_3
2405,M17264,M,299.1,308.7,2008,20.3,178,0,0,0,0,0,0,client_3
7820,L54999,L,299.8,311.2,1369,46.2,146,0,0,0,0,0,0,client_3
9553,M24412,M,299.3,310.8,1523,40.9,141,0,0,0,0,0,0,client_3
6354,M21213,M,300.0,309.6,1491,42.0,29,0,0,0,0,0,0,client_3
9878,L57057,L,298.8,309.7,1374,58.6,123,0,0,0,0,0,0,client_3
7556,L54735,L,300.3,311.3,1332,60.5,112,0,0,0,0,0,0,client_3
1539,L48718,L,298.4,309.1,1798,29.6,81,0,0,0,0,0,0,client_3
2837,M17696,M,300.3,309.1,1458,44.3,175,0,0,0,0,0,0,client_3
726,L47905,L,297.4,308.8,1640,34.2,142,0,0,0,0,0,0,client_3
1736,L48915,L,298.4,308.0,1380,47.6,130,0,0,0,0,0,0,client_3
1947,L49126,L,298.2,308.1,1622,34.9,67,0,0,0,0,0,0,client_3
2641,M17500,M,299.9,309.5,1372,56.2,133,0,0,0,0,0,0,client_3
9626,M24485,M,299.0,310.1,1487,47.5,123,0,0,0,0,0,0,client_3
3940,L51119,L,302.5,311.6,1400,54.0,196,0,0,0,0,0,0,client_3
6067,L53246,L,301.0,311.0,1804,25.8,174,0,0,0,0,0,0,client_3
1501,M16360,M,298.0,308.7,2101,17.4,198,0,0,0,0,0,0,client_3
8285,L55464,L,298.8,310.6,1651,33.3,0,0,0,0,0,0,0,client_3
6052,L53231,L,300.9,311.0,1382,51.2,136,0,0,0,0,0,0,client_3
4454,L51633,L,302.4,310.2,1400,53.7,175,0,0,0,0,0,0,client_3
9535,L56714,L,299.3,310.6,1443,45.7,97,0,0,0,0,0,0,client_3
1775,M16634,M,298.5,308.0,1519,37.3,29,0,0,0,0,0,0,client_3
9215,L56394,L,298.0,308.9,1508,37.1,92,0,0,0,0,0,0,client_3
4418,L51597,L,302.6,310.4,1365,66.8,80,1,0,1,1,0,0,client_3
4652,L51831,L,303.2,311.4,1349,51.1,9,1,0,1,0,0,0,client_3
1115,H30528,H,296.4,307.3,1540,37.4,75,0,0,0,0,0,0,client_3
37,M14896,M,298.9,309.2,1581,36.7,101,0,0,0,0,0,0,client_3
7086,L54265,L,300.6,310.3,1484,41.0,213,0,0,0,0,0,0,client_3
3034,M17893,M,300.6,309.7,1934,22.8,15,0,0,0,0,0,0,client_3
5532,M20391,M,302.3,311.7,1504,37.3,107,0,0,0,0,0,0,client_3
5694,M20553,M,302.4,311.8,1453,42.1,105,0,0,0,0,0,0,client_3
394,M15253,M,297.5,308.4,1350,52.2,157,0,0,0,0,0,0,client_3
8117,L55296,L,300.3,311.8,2004,19.6,12,0,0,0,0,0,0,client_3
8838,M23697,M,297.5,309.1,1540,38.5,176,0,0,0,0,0,0,client_3
679,M15538,M,297.8,309.2,1295,61.2,12,0,0,0,0,0,0,client_3
9525,H38938,H,299.0,310.3,1658,27.6,69,0,0,0,0,0,0,client_3
4504,M19363,M,302.5,310.2,1751,30.5,90,0,0,0,0,0,0,client_3
1096,L48275,L,296.9,307.5,2721,9.3,18,1,0,0,1,0,0,client_3
8380,L55559,L,298.8,309.9,1629,31.9,49,0,0,0,0,0,0,client_3
599,L47778,L,297.7,309.6,1480,47.9,18,0,0,0,0,0,0,client_3
6181,L53360,L,301.0,310.9,1492,44.6,15,0,0,0,0,0,0,client_3
4916,H34329,H,303.5,312.3,1386,49.0,35,0,0,0,0,0,0,client_3
3174,L50353,L,300.3,309.6,1624,32.6,175,0,0,0,0,0,0,client_3
4620,H34033,H,303.1,311.3,2056,19.7,167,0,0,0,0,0,0,client_3
697,M15556,M,297.6,309.0,1815,25.3,66,0,0,0,0,0,0,client_3
5262,L52441,L,303.4,312.8,1513,35.8,92,0,0,0,0,0,0,client_3
11,H29424,H,298.4,308.9,1782,23.9,24,0,0,0,0,0,0,client_3
9023,L56202,L,297.4,308.3,1548,46.6,7,0,0,0,0,0,0,client_3
3756,L50935,L,302.3,311.0,1329,51.5,154,0,0,0,0,0,0,client_3
6255,L53434,L,301.0,310.5,1408,47.0,202,0,0,0,0,0,0,client_3
6122,L53301,L,300.9,311.1,1457,37.4,96,0,0,0,0,0,0,client_3
7683,M22542,M,300.7,311.7,1412,49.1,219,0,0,0,0,0,0,client_3
212,L47391,L,298.5,308.7,1575,33.9,128,0,0,0,0,0,0,client_3
8719,L55898,L,297.2,308.7,1509,39.3,66,0,0,0,0,0,0,client_3
88,L47267,L,299.0,309.0,1544,31.8,25,0,0,0,0,0,0,client_3
3985,L51164,L,302.3,311.3,1652,32.8,108,0,0,0,0,0,0,client_3
5433,L52612,L,302.8,312.4,1392,46.2,70,0,0,0,0,0,0,client_3
3432,L50611,L,301.6,310.7,1429,43.6,176,0,0,0,0,0,0,client_3
285,L47464,L,298.2,308.3,2051,19.2,90,0,0,0,0,0,0,client_3
4138,L51317,L,301.7,310.1,1384,50.5,38,0,0,0,0,0,0,client_3
8853,L56032,L,297.7,308.9,1575,39.9,12,0,0,0,0,0,0,client_3
9587,L56766,L,299.4,310.6,1348,54.5,22,0,0,0,0,0,0,client_3
4770,H34183,H,303.6,311.9,1544,37.1,88,0,0,0,0,0,0,client_3
136,M14995,M,298.8,308.5,1711,28.5,140,0,0,0,0,0,0,client_3
3083,M17942,M,300.0,309.3,1407,43.9,138,0,0,0,0,0,0,client_3
3518,L50697,L,302.0,311.0,1550,35.2,184,0,0,0,0,0,0,client_3
9892,L57071,L,298.8,309.5,1374,48.1,159,0,0,0,0,0,0,client_3
3722,M18581,M,302.2,311.2,1544,43.6,63,0,0,0,0,0,0,client_3
6827,L54006,L,301.0,310.9,1822,21.6,168,0,0,0,0,0,0,client_3
1507,L48686,L,298.0,308.8,1610,33.7,212,0,0,0,0,0,0,client_3
1527,L48706,L,298.1,309.0,1787,27.6,47,0,0,0,0,0,0,client_3
2923,L50102,L,300.8,309.7,1481,38.1,153,0,0,0,0,0,0,client_3
1150,L48329,L,297.2,308.1,1446,38.5,164,0,0,0,0,0,0,client_3
6576,M21435,M,301.4,310.5,1451,45.3,183,0,0,0,0,0,0,client_3
6811,L53990,L,301.0,310.7,1727,34.5,127,0,0,0,0,0,0,client_3
5535,M20394,M,302.3,311.7,1494,37.1,114,0,0,0,0,0,0,client_3
9728,L56907,L,298.8,309.8,1461,39.4,141,0,0,0,0,0,0,client_3
7255,L54434,L,300.3,310.4,1493,37.5,219,0,0,0,0,0,0,client_3
9873,L57052,L,298.9,309.9,1373,52.1,108,0,0,0,0,0,0,client_3
283,M15142,M,298.1,308.1,1390,49.8,85,0,0,0,0,0,0,client_3
5375,L52554,L,302.9,312.3,1515,40.8,183,0,0,0,0,0,0,client_3
1650,H31063,H,298.0,307.9,1482,37.8,132,0,0,0,0,0,0,client_3
9536,M24395,M,299.3,310.6,1609,31.4,99,0,0,0,0,0,0,client_3
2030,L49209,L,298.7,308.5,1668,35.2,77,0,0,0,0,0,0,client_3
5475,M20334,M,302.7,312.1,1378,46.9,176,0,0,0,0,0,0,client_3
6115,M20974,M,300.8,310.8,1549,35.5,79,0,0,0,0,0,0,client_3
8068,M22927,M,300.6,312.0,1490,39.8,94,0,0,0,0,0,0,client_3
7421,L54600,L,300.1,311.3,1547,40.0,201,0,0,0,0,0,0,client_3
843,M15702,M,296.6,307.5,1566,35.0,201,0,0,0,0,0,0,client_3
366,L47545,L,297.6,308.4,1353,57.5,88,0,0,0,0,0,0,client_3
8540,L55719,L,298.5,309.4,1517,40.2,45,0,0,0,0,0,0,client_3
9852,M24711,M,298.5,309.3,1761,27.2,49,0,0,0,0,0,0,client_3
541,L47720,L,297.4,309.4,1473,45.5,94,0,0,0,0,0,0,client_3
1732,M16591,M,298.3,307.9,1485,42.0,117,0,0,0,0,0,0,client_3
4180,L51359,L,302.4,310.9,1349,46.1,148,1,0,1,0,0,0,client_3
1141,M16000,M,296.9,307.9,1385,44.8,144,0,0,0,0,0,0,client_3
5466,L52645,L,302.9,312.4,1424,49.5,155,0,0,0,0,0,0,client_3
9188,L56367,L,297.9,309.0,1379,47.3,28,0,0,0,0,0,0,client_3
5750,H35163,H,302.2,311.8,1330,62.4,31,0,0,0,0,0,0,client_3
8174,H37587,H,299.9,311.4,1497,37.0,162,0,0,0,0,0,0,client_3
3793,L50972,L,302.3,310.9,1459,35.0,32,0,0,0,0,0,0,client_3
1344,L48523,L,298.5,310.2,1676,32.7,18,0,0,0,0,0,0,client_3
7215,M22074,M,299.9,309.8,1625,41.2,109,0,0,0,0,0,0,client_3
1486,M16345,M,298.1,309.0,1976,19.3,158,0,0,0,0,0,0,client_3
5088,M19947,M,304.0,313.0,1685,28.2,66,0,0,0,0,0,0,client_3
7132,M21991,M,300.5,309.8,1410,44.4,111,0,0,0,0,0,0,client_3
9513,L56692,L,299.0,310.2,1575,37.8,42,0,0,0,0,0,0,client_3
2540,L49719,L,299.1,308.8,1413,42.1,86,0,0,0,0,0,0,client_3
3191,L50370,L,300.1,309.2,1599,30.1,216,0,0,0,0,0,0,client_3
5156,H34569,H,304.2,313.3,1625,37.3,27,0,0,0,0,0,0,client_3
7403,M22262,M,299.8,310.8,1463,43.5,156,0,0,0,0,0,0,client_3
7428,L54607,L,300.0,311.4,1634,31.9,0,0,0,0,0,0,0,client_3
2631,L49810,L,300.0,309.8,1372,39.6,105,0,0,0,0,0,0,client_3
7312,H36725,H,300.0,310.5,1558,36.7,137,0,0,0,0,0,0,client_3
550,L47729,L,297.4,309.2,1437,40.4,117,0,0,0,0,0,0,client_3
1402,H30815,H,298.9,310.2,1532,37.7,166,0,0,0,0,0,0,client_3
2897,M17756,M,300.7,309.5,1633,31.3,90,0,0,0,0,0,0,client_3
7718,L54897,L,300.5,311.6,1365,53.0,85,0,0,0,0,0,0,client_3
8553,L55732,L,298.2,309.1,1467,44.5,80,0,0,0,0,0,0,client_3
6907,M21766,M,301.0,311.5,1530,43.9,165,0,0,0,0,0,0,client_3
5690,L52869,L,302.4,311.8,1543,31.1,96,0,0,0,0,0,0,client_3
826,L48005,L,296.6,307.3,1474,40.0,158,0,0,0,0,0,0,client_3
2791,L49970,L,300.4,309.6,1356,45.9,64,0,0,0,0,0,0,client_3
7811,L54990,L,300.1,311.5,2218,17.0,123,0,0,0,0,0,0,client_3
3255,M18114,M,301.0,309.7,1288,58.4,162,0,0,0,0,0,0,client_3
1796,M16655,M,298.1,307.7,1498,38.3,81,0,0,0,0,0,0,client_3
2280,L49459,L,299.4,308.7,1525,39.0,90,0,0,0,0,0,0,client_3
7759,L54938,L,300.4,311.8,1689,30.8,196,0,0,0,0,0,0,client_3
5693,M20552,M,302.4,311.9,1313,55.7,102,0,0,0,0,0,0,client_3
8529,L55708,L,298.4,309.3,1512,35.8,18,0,0,0,0,0,0,client_3
6994,M21853,M,300.7,311.0,1740,25.6,176,0,0,0,0,0,0,client_3
9981,L57160,L,298.6,308.4,1559,36.6,188,0,0,0,0,0,0,client_3
412,L47591,L,297.5,308.7,1429,44.3,201,0,0,0,0,0,0,client_3
7702,H37115,H,300.8,311.7,1468,38.7,39,0,0,0,0,0,0,client_3
1675,L48854,L,298.1,307.8,1540,37.8,203,0,0,0,0,0,0,client_3
3217,L50396,L,300.5,309.5,1653,27.6,62,0,0,0,0,0,0,client_3
2783,M17642,M,300.2,309.6,1491,41.8,41,0,0,0,0,0,0,client_3
9811,L56990,L,298.1,309.0,1502,40.9,153,0,0,0,0,0,0,client_3
2818,L49997,L,300.2,309.5,1417,41.1,129,0,0,0,0,0,0,client_3
3429,L50608,L,301.6,310.6,1391,49.4,164,0,0,0,0,0,0,client_3
2582,L49761,L,299.2,309.1,1345,60.7,191,1,0,0,0,1,0,client_3
1182,L48361,L,297.2,308.3,1379,52.1,21,0,0,0,0,0,0,client_3
4750,L51929,L,303.2,311.2,1404,50.9,31,0,0,0,0,0,0,client_3
1180,L48359,L,297.3,308.4,1441,43.4,14,0,0,0,0,0,0,client_3
14,M14873,M,298.6,309.2,1742,30.0,37,0,0,0,0,0,0,client_3
6028,M20887,M,300.7,311.0,1413,44.3,72,0,0,0,0,0,0,client_3
3107,L50286,L,299.8,309.1,1485,39.9,207,0,0,0,0,0,0,client_3
718,L47897,L,297.4,308.7,1545,36.9,125,0,0,0,0,0,0,client_3
9667,M24526,M,299.1,310.3,1838,24.0,235,0,0,0,0,0,0,client_3
395,L47574,L,297.5,308.4,1528,39.9,160,0,0,0,0,0,0,client_3
7000,M21859,M,300.6,310.7,1457,36.7,193,0,0,0,0,0,0,client_3
556,M15415,M,297.4,309.4,1539,42.2,134,0,0,0,0,0,0,client_3
712,L47891,L,297.5,308.7,1443,46.2,110,0,0,0,0,0,0,client_3
1407,L48586,L,298.9,310.1,1442,48.0,181,0,0,0,0,0,0,client_3
1265,M16124,M,297.8,309.3,2243,15.7,36,0,0,0,0,0,0,client_3
7854,L55033,L,300.3,311.7,1317,56.5,7,0,0,0,0,0,0,client_3
8882,H38295,H,298.0,309.2,1520,37.9,89,0,0,0,0,0,0,client_3
6667,L53846,L,301.3,310.4,1414,51.4,199,0,0,0,0,0,0,client_3
5495,L52674,L,302.8,312.4,1368,49.5,10,0,0,0,0,0,0,client_3
3817,L50996,L,302.1,310.6,1459,47.6,93,0,0,0,0,0,0,client_3
7371,M22230,M,299.6,310.1,1455,46.1,76,0,0,0,0,0,0,client_3
4290,M19149,M,301.8,310.0,1781,23.9,198,0,0,0,0,0,0,client_3
9662,H39075,H,299.0,310.0,1458,44.9,221,0,0,0,0,0,0,client_3
4490,L51669,L,302.5,310.4,1487,40.2,48,0,0,0,0,0,0,client_3
5072,H34485,H,304.2,313.0,1442,40.9,23,0,0,0,0,0,0,client_3
7283,L54462,L,300.0,310.2,1486,36.4,66,0,0,0,0,0,0,client_3
4167,H33580,H,302.3,310.6,1525,48.7,114,0,0,0,0,0,0,client_3
4304,L51483,L,301.7,310.2,1435,48.1,12,0,0,0,0,0,0,client_3
9274,H38687,H,298.2,308.7,1520,35.7,40,0,0,0,0,0,0,client_3
858,M15717,M,296.1,307.1,1350,53.3,22,0,0,0,0,0,0,client_3
5732,L52911,L,302.2,311.6,1872,20.4,202,0,0,0,0,0,0,client_3
6950,M21809,M,300.7,311.2,1769,26.5,63,0,0,0,0,0,0,client_3
4752,L51931,L,303.3,311.4,1510,37.3,36,0,0,0,0,0,0,client_3
2424,M17283,M,298.9,308.2,2022,20.0,23,0,0,0,0,0,0,client_3
6742,M21601,M,301.7,311.1,1506,39.5,158,0,0,0,0,0,0,client_3
3558,M18417,M,301.8,310.7,1309,43.3,68,0,0,0,0,0,0,client_3
7078,M21937,M,300.7,310.5,1594,31.0,196,0,0,0,0,0,0,client_3
9480,H38893,H,298.9,309.6,1600,33.5,175,0,0,0,0,0,0,client_3
2859,L50038,L,300.5,309.3,1417,51.5,231,1,0,0,0,1,0,client_3
3115,M17974,M,299.9,309.2,1683,30.5,13,0,0,0,0,0,0,client_3
5500,H34913,H,302.9,312.3,1417,48.7,26,0,0,0,0,0,0,client_3
2066,L49245,L,299.7,309.6,1419,45.1,170,0,0,0,0,0,0,client_3
4385,L51564,L,301.8,309.6,1443,42.7,231,0,0,0,0,0,0,client_3
7784,L54963,L,300.3,311.5,1667,28.8,56,0,0,0,0,0,0,client_3
5382,L52561,L,302.8,312.4,1651,27.0,200,0,0,0,0,0,0,client_3
5065,L52244,L,304.0,313.0,1407,42.1,5,0,0,0,0,0,0,client_3
924,M15783,M,295.5,306.0,1423,45.3,205,0,0,0,0,0,0,client_3
6135,L53314,L,301.0,311.0,1581,37.0,127,0,0,0,0,0,0,client_3
3640,L50819,L,302.4,311.6,1622,35.0,68,0,0,0,0,0,0,client_3
4757,H34170,H,303.4,311.7,1991,19.0,53,0,0,0,0,0,0,client_3
9992,M24851,M,298.9,308.4,1827,26.1,5,0,0,0,0,0,0,client_3
1838,L49017,L,297.7,307.2,1392,43.0,197,0,0,0,0,0,0,client_3
1432,M16291,M,298.9,309.9,1404,41.4,20,0,0,0,0,0,0,client_3
1680,L48859,L,298.0,307.5,1792,27.9,217,0,0,0,0,0,0,client_3
7280,L54459,L,300.0,310.1,1465,40.9,60,0,0,0,0,0,0,client_3
1328,L48507,L,298.8,310.2,1814,26.8,204,0,0,0,0,0,0,client_3
3478,L50657,L,301.8,310.7,1547,41.7,72,0,0,0,0,0,0,client_3
9039,L56218,L,297.3,308.3,2358,14.9,49,0,0,0,0,0,0,client_3
5803,L52982,L,301.4,310.8,1490,38.0,168,0,0,0,0,0,0,client_3
5928,L53107,L,300.2,310.1,1649,30.5,43,0,0,0,0,0,0,client_3
2720,L49899,L,299.5,309.2,1690,29.2,108,0,0,0,0,0,0,client_3
2980,L50159,L,300.5,309.5,1542,38.5,108,0,0,0,0,0,0,client_3
1790,L48969,L,298.2,307.9,1313,67.3,67,1,0,0,1,0,0,client_3
3151,L50330,L,300.4,309.8,1513,32.9,117,0,0,0,0,0,0,client_3
9301,L56480,L,298.1,308.9,1367,41.9,113,0,0,0,0,0,0,client_3
8791,L55970,L,297.4,308.5,1410,43.9,47,0,0,0,0,0,0,client_3
1273,H30686,H,298.0,309.4,1562,38.1,58,0,0,0,0,0,0,client_3
4954,L52133,L,303.7,312.5,1670,26.1,139,0,0,0,0,0,0,client_3
1618,L48797,L,297.8,307.8,1563,34.3,53,0,0,0,0,0,0,client_3
8726,M23585,M,297.1,308.5,1515,42.1,81,0,0,0,0,0,0,client_3
7977,H37390,H,301.2,312.4,1395,47.8,90,0,0,0,0,0,0,client_3
3533,L50712,L,301.9,310.9,1486,40.3,6,0,0,0,0,0,0,client_3
5261,M20120,M,303.5,313.0,1492,46.1,89,0,0,0,0,0,0,client_3
770,L47949,L,296.9,308.0,1343,44.5,15,0,0,0,0,0,0,client_3
9033,L56212,L,297.4,308.3,1723,28.8,33,0,0,0,0,0,0,client_3
5058,L52237,L,303.8,312.9,1367,49.9,192,0,0,0,0,0,0,client_3
6484,L53663,L,300.7,309.9,1412,45.3,155,0,0,0,0,0,0,client_3
5304,L52483,L,303.9,313.2,1481,44.1,197,0,0,0,0,0,0,client_3
8542,L55721,L,298.5,309.5,1738,25.2,49,0,0,0,0,0,0,client_3
1520,M16379,M,298.2,308.9,1512,38.5,28,0,0,0,0,0,0,client_3
9870,L57049,L,298.9,309.9,1590,31.3,98,0,0,0,0,0,0,client_3
7389,M22248,M,299.8,310.6,1694,31.3,121,0,0,0,0,0,0,client_3
5470,M20329,M,302.7,312.2,1439,42.5,164,0,0,0,0,0,0,client_3
8055,L55234,L,300.4,311.8,1405,47.9,58,0,0,0,0,0,0,client_3
8681,L55860,L,297.2,308.5,1494,39.6,181,0,0,0,0,0,0,client_3
5688,L52867,L,302.3,311.7,2170,18.2,91,0,0,0,0,0,0,client_3
982,L48161,L,296.2,306.8,1655,31.1,136,0,0,0,0,0,0,client_3
3691,L50870,L,302.1,311.3,1477,43.6,196,0,0,0,0,0,0,client_3
8884,M23743,M,297.9,309.2,1529,38.1,96,0,0,0,0,0,0,client_3
401,L47580,L,297.4,308.5,2100,16.9,176,0,0,0,0,0,0,client_3
178,L47357,L,298.2,308.2,1988,21.4,41,0,0,0,0,0,0,client_3
2934,M17793,M,300.8,309.7,1751,27.9,183,0,0,0,0,0,0,client_3
7252,M22111,M,300.2,310.3,1448,40.1,209,0,0,0,0,0,0,client_3
7647,L54826,L,300.4,311.4,1936,23.9,131,0,0,0,0,0,0,client_3
5059,L52238,L,303.9,312.9,1526,42.5,194,0,0,0,0,0,0,client_3
3489,L50668,L,301.9,310.9,1379,54.8,99,0,0,0,0,0,0,client_3
5538,L52717,L,302.4,311.8,1648,30.0,122,0,0,0,0,0,0,client_3
2640,M17499,M,299.8,309.4,1412,47.8,130,0,0,0,0,0,0,client_3
9151,M24010,M,297.5,308.6,1347,57.0,132,0,0,0,0,0,0,client_3
4115,L51294,L,302.0,310.6,1358,53.1,194,0,0,0,0,0,0,client_3
2191,M17050,M,299.6,309.1,1471,44.3,67,0,0,0,0,0,0,client_3
9653,M24512,M,299.0,310.0,1488,46.3,198,0,0,0,0,0,0,client_3
8829,L56008,L,297.3,308.7,1587,35.8,148,0,0,0,0,0,0,client_3
1719,M16578,M,298.2,307.7,1681,31.0,84,0,0,0,0,0,0,client_3
2466,L49645,L,298.9,308.6,1481,40.7,124,0,0,0,0,0,0,client_3
4500,H33913,H,302.6,310.3,1721,27.4,79,0,0,0,0,0,0,client_3
6055,H35468,H,300.7,310.8,1518,40.1,142,0,0,0,0,0,0,client_3
8377,L55556,L,298.8,309.8,1334,49.3,42,0,0,0,0,0,0,client_3
4609,M19468,M,303.0,311.2,1519,38.0,139,0,0,0,0,0,0,client_3
2913,L50092,L,300.7,309.6,1661,30.3,129,0,0,0,0,0,0,client_3
3164,L50343,L,300.4,309.8,1549,38.9,150,0,0,0,0,0,0,client_3
6256,L53435,L,301.0,310.5,1379,57.3,204,1,0,0,0,1,0,client_3
2866,H32279,H,300.7,309.7,1623,32.7,0,0,0,0,0,0,0,client_3
9422,M24281,M,298.1,308.5,1382,54.5,17,0,0,0,0,0,0,client_3
6446,L53625,L,300.7,310.3,1662,34.4,57,0,0,0,0,0,0,client_3
5799,L52978,L,301.5,310.9,1600,39.0,160,0,0,0,0,0,0,client_3
3106,L50285,L,299.8,309.1,1612,35.4,205,0,0,0,0,0,0,client_3
7779,L54958,L,300.4,311.6,1517,39.0,45,0,0,0,0,0,0,client_3
6767,M21626,M,301.4,311.0,1427,43.2,13,0,0,0,0,0,0,client_3
9714,L56893,L,299.1,310.2,1496,45.0,104,0,0,0,0,0,0,client_3
5901,M20760,M,300.9,310.7,1485,41.0,181,0,0,0,0,0,0,client_3
4899,H34312,H,303.6,312.4,1460,53.7,214,0,0,0,0,0,0,client_3
3567,L50746,L,301.8,310.6,1295,62.3,91,0,0,0,0,0,0,client_3
9086,H38499,H,297.1,307.9,1365,54.0,174,0,0,0,0,0,0,client_3
7520,L54699,L,300.2,311.6,1999,21.0,19,0,0,0,0,0,0,client_3
5935,H35348,H,300.6,310.5,1454,51.2,58,0,0,0,0,0,0,client_3
3363,L50542,L,301.4,310.6,1445,43.9,210,0,0,0,0,0,0,client_3
3097,L50276,L,299.9,309.2,1560,38.9,180,0,0,0,0,0,0,client_3
8415,L55594,L,298.6,309.8,1842,20.1,142,0,0,0,0,0,0,client_3
2865,H32278,H,300.6,309.4,1380,47.6,246,1,1,0,0,0,0,client_3
419,L47598,L,297.4,308.4,2151,17.7,0,0,0,0,0,0,0,client_3
7129,L54308,L,300.6,310.0,1511,36.9,105,0,0,0,0,0,0,client_3
3649,M18508,M,302.2,311.5,1443,47.0,90,0,0,0,0,0,0,client_3
9359,L56538,L,298.2,308.7,1407,45.1,49,0,0,0,0,0,0,client_3
4268,L51447,L,302.6,311.0,1520,42.8,148,0,0,0,0,0,0,client_3
5599,L52778,L,302.8,312.1,1441,52.1,79,0,0,0,0,0,0,client_3
5804,L52983,L,301.5,310.9,1671,31.1,170,0,0,0,0,0,0,client_3
5496,H34909,H,302.9,312.5,1357,55.0,12,0,0,0,0,0,1,client_3
7052,L54231,L,300.6,310.4,1556,37.7,122,0,0,0,0,0,0,client_3
7734,L54913,L,300.6,312.0,1481,40.9,132,0,0,0,0,0,0,client_3
3782,L50961,L,302.3,310.8,1465,43.8,7,0,0,0,0,0,0,client_3
3464,L50643,L,301.6,310.5,1809,25.5,40,0,0,0,0,0,0,client_3
1051,L48230,L,296.6,307.6,1671,28.8,108,0,0,0,0,0,0,client_3
8176,M23035,M,299.9,311.3,1445,41.2,169,0,0,0,0,0,0,client_3
7507,L54686,L,300.5,311.9,1511,41.8,205,0,0,0,0,0,0,client_3
5974,L53153,L,300.5,310.8,1354,51.8,157,0,0,0,0,0,0,client_3
3623,L50802,L,302.0,311.3,1509,39.9,25,0,0,0,0,0,0,client_3
1703,L48882,L,298.0,307.7,1430,47.3,49,0,0,0,0,0,0,client_3
9821,M24680,M,298.6,309.5,1568,36.7,182,0,0,0,0,0,0,client_3
7353,M22212,M,299.7,310.2,1440,42.8,30,0,0,0,0,0,0,client_3
2685,L49864,L,299.8,309.4,1460,37.4,25,0,0,0,0,0,0,client_3
2709,L49888,L,299.6,309.1,2266,15.3,79,0,0,0,0,0,0,client_3
9130,L56309,L,297.6,308.6,1664,30.1,81,0,0,0,0,0,0,client_3
2626,L49805,L,299.7,309.4,1399,39.9,91,0,0,0,0,0,0,client_3
2006,L49185,L,298.5,308.3,1504,38.0,20,0,0,0,0,0,0,client_3
437,L47616,L,297.3,308.3,1504,36.3,45,0,0,0,0,0,0,client_3
1949,L49128,L,298.1,308.1,1410,45.8,71,0,0,0,0,0,0,client_3
3705,M18564,M,302.0,311.2,1400,49.5,20,0,0,0,0,0,0,client_3
8491,M23350,M,298.5,309.6,1364,58.7,123,0,0,0,0,0,0,client_3
606,M15465,M,297.9,309.8,1693,29.9,35,0,0,0,0,0,0,client_3
2077,L49256,L,299.4,309.3,1544,36.0,197,0,0,0,0,0,0,client_3
5137,L52316,L,304.2,313.4,1735,28.9,192,0,0,0,0,0,0,client_3
5620,L52799,L,303.0,312.3,1932,21.9,132,0,0,0,0,0,0,client_3
2184,M17043,M,299.6,309.3,1577,39.8,48,0,0,0,0,0,0,client_3
7876,L55055,L,300.7,312.3,1898,24.0,60,0,0,0,0,0,0,client_3
5772,L52951,L,301.6,311.2,1525,43.7,91,0,0,0,0,0,0,client_3
8635,L55814,L,297.3,308.3,1411,43.2,63,0,0,0,0,0,0,client_3
5315,L52494,L,303.6,312.8,1701,30.8,12,0,0,0,0,0,0,client_3
9979,H39392,H,298.6,308.3,1377,52.1,181,0,0,0,0,0,0,client_3
2610,L49789,L,299.4,309.2,1621,34.5,48,0,0,0,0,0,0,client_3
4596,M19455,M,303.0,311.2,1460,43.9,103,0,0,0,0,0,0,client_3
3497,L50676,L,301.9,310.9,1309,48.0,124,0,0,0,0,0,0,client_3
3070,L50249,L,300.0,309.1,1791,28.2,108,0,0,0,0,0,0,client_3
1941,L49120,L,298.1,307.9,1578,35.6,55,0,0,0,0,0,0,client_3
4363,L51542,L,302.1,310.1,1447,46.6,169,0,0,0,0,0,0,client_3
2414,L49593,L,299.0,308.5,1886,23.0,198,0,0,0,0,0,0,client_3
7568,M22427,M,300.2,311.0,2370,14.7,144,0,0,0,0,0,0,client_3
3717,L50896,L,302.3,311.4,1609,32.3,49,0,0,0,0,0,0,client_3
7780,L54959,L,300.5,311.7,1811,26.8,47,0,0,0,0,0,0,client_3
9699,L56878,L,298.8,309.8,1663,28.2,67,0,0,0,0,0,0,client_3
2118,H31531,H,299.4,308.9,1762,29.3,91,0,0,0,0,0,0,client_3
5738,L52917,L,302.3,311.8,1574,42.8,215,0,0,0,0,0,0,client_3
8139,L55318,L,299.5,310.8,1356,54.9,72,0,0,0,0,0,0,client_3
7968,M22827,M,301.0,312.2,1629,32.6,69,0,0,0,0,0,0,client_3
2008,L49187,L,298.6,308.4,1562,34.4,25,0,0,0,0,0,0,client_3
8362,L55541,L,298.6,309.5,1450,44.3,7,0,0,0,0,0,0,client_3
2740,L49919,L,299.8,309.2,1572,35.4,158,0,0,0,0,0,0,client_3
6456,L53635,L,300.7,310.1,1565,40.2,81,0,0,0,0,0,0,client_3
7572,L54751,L,300.3,311.1,1606,30.9,156,0,0,0,0,0,0,client_3
7553,L54732,L,300.3,311.3,1525,40.7,105,0,0,0,0,0,0,client_3
9957,M24816,M,298.2,307.8,1578,34.5,127,0,0,0,0,0,0,client_3
9855,H39268,H,298.6,309.4,1362,45.3,56,0,0,0,0,0,0,client_3
487,M15346,M,297.4,309.1,1582,35.9,180,0,0,0,0,0,0,client_3
3923,M18782,M,302.6,311.4,1757,29.5,151,0,0,0,0,0,0,client_3
1646,L48825,L,297.9,307.8,1538,38.5,123,0,0,0,0,0,0,client_3
5606,L52785,L,302.9,312.2,1510,41.4,94,0,0,0,0,0,0,client_3
6301,L53480,L,301.2,310.7,1517,39.4,107,0,0,0,0,0,0,client_3
2101,M16960,M,299.3,309.3,1471,46.0,42,0,0,0,0,0,0,client_3
9392,H38805,H,297.6,308.2,2071,18.5,144,0,0,0,0,0,0,client_3
9978,L57157,L,298.6,308.3,1422,40.4,179,0,0,0,0,0,0,client_3
2757,L49936,L,299.7,309.2,1781,29.6,201,0,0,0,0,0,0,client_3
9784,H39197,H,298.8,309.9,1466,44.6,66,0,0,0,0,0,0,client_3
988,M15847,M,296.3,307.1,1534,33.8,151,0,0,0,0,0,0,client_3
5972,L53151,L,300.5,310.8,1509,33.0,153,0,0,0,0,0,0,client_3
5734,L52913,L,302.3,311.8,1487,43.2,206,0,0,0,0,0,0,client_3
7710,L54889,L,300.5,311.4,1445,41.5,66,0,0,0,0,0,0,client_3
7928,L55107,L,300.7,311.9,1476,42.0,196,0,0,0,0,0,0,client_3
417,L47596,L,297.4,308.5,1495,37.8,211,0,0,0,0,0,0,client_3
8863,M23722,M,298.0,309.2,1558,41.7,35,0,0,0,0,0,0,client_3
2255,L49434,L,299.1,308.3,1325,46.9,28,0,0,0,0,0,0,client_3
2143,L49322,L,299.3,308.9,1376,60.3,163,0,0,0,0,0,0,client_3
5328,M20187,M,303.5,312.7,2116,16.7,45,0,0,0,0,0,0,client_3
1437,H30850,H,298.8,309.8,1510,44.2,35,0,0,0,0,0,0,client_3
899,L48078,L,295.6,306.2,1446,49.9,133,0,0,0,0,0,0,client_3
4985,L52164,L,303.8,313.1,1256,58.7,213,1,0,0,0,1,0,client_3
677,H30090,H,297.9,309.2,1577,34.7,5,0,0,0,0,0,0,client_3
4175,L51354,L,302.3,310.7,1499,37.8,137,0,0,0,0,0,0,client_3
9487,M24346,M,298.9,309.6,1472,46.0,199,0,0,0,0,0,0,client_3
8781,M23640,M,297.5,308.6,1327,52.1,24,0,0,0,0,0,0,client_3
9884,H39297,H,298.7,309.6,1654,34.3,136,0,0,0,0,0,0,client_3
9495,L56674,L,299.2,309.9,1516,41.4,219,0,0,0,0,0,0,client_3
8914,M23773,M,297.2,308.5,1487,46.9,173,0,0,0,0,0,0,client_3
5887,L53066,L,301.4,311.1,1494,41.9,142,0,0,0,0,0,0,client_3
5428,L52607,L,302.7,312.4,1423,51.9,60,0,0,0,0,0,0,client_3
7101,L54280,L,300.7,310.2,1569,32.8,31,0,0,0,0,0,0,client_3
3774,M18633,M,302.4,311.1,1887,22.4,197,0,0,0,0,0,0,client_3
7794,L54973,L,300.1,311.5,1434,40.8,80,0,0,0,0,0,0,client_3
7061,H36474,H,300.6,310.4,1479,35.6,150,0,0,0,0,0,0,client_3
3913,L51092,L,302.4,311.4,1475,40.4,126,0,0,0,0,0,0,client_3
4496,L51675,L,302.6,310.4,1359,57.2,67,1,0,1,0,0,0,client_3
1253,L48432,L,297.5,308.8,1533,41.5,223,0,0,0,0,0,0,client_3
2670,H32083,H,299.7,309.3,1494,37.8,214,0,0,0,0,0,0,client_3
8264,H37677,H,299.2,310.6,1704,30.6,160,0,0,0,0,0,0,client_3
4433,L51612,L,302.4,310.2,1445,46.4,125,0,0,0,0,0,0,client_3
1428,L48607,L,298.7,309.8,1394,40.3,11,0,0,0,0,0,0,client_3
1212,H30625,H,296.9,308.0,1416,46.9,105,0,0,0,0,0,0,client_3
7894,L55073,L,300.9,312.7,1416,43.8,112,0,0,0,0,0,0,client_3
518,M15377,M,297.5,309.4,1391,58.2,34,0,0,0,0,0,0,client_3
5007,M19866,M,303.7,312.8,1366,47.3,49,0,0,0,0,0,0,client_3
7008,L54187,L,300.5,310.6,1499,45.2,8,0,0,0,0,0,0,client_3
4707,L51886,L,303.5,311.7,1959,22.3,157,0,0,0,0,0,0,client_3
9140,L56319,L,297.5,308.5,1536,36.9,108,0,0,0,0,0,0,client_3
8659,L55838,L,297.4,308.5,1496,36.4,126,0,0,0,0,0,0,client_3
8878,M23737,M,298.1,309.2,1460,45.8,80,0,0,0,0,0,0,client_3
4637,L51816,L,303.0,311.3,1466,43.0,210,0,0,0,0,0,0,client_3
1462,L48641,L,298.9,310.2,1491,45.1,101,0,0,0,0,0,0,client_3
2063,M16922,M,299.7,309.6,1477,42.7,163,0,0,0,0,0,0,client_3
7843,L55022,L,300.1,311.5,1659,31.1,203,0,0,0,0,0,0,client_3
6214,L53393,L,300.9,310.6,1552,34.9,95,0,0,0,0,0,0,client_3
6620,M21479,M,301.7,310.7,1627,31.3,78,0,0,0,0,0,0,client_3
1635,H31048,H,297.9,307.9,1406,58.5,93,0,0,0,0,0,0,client_3
1686,L48865,L,297.9,307.3,1824,26.3,5,0,0,0,0,0,0,client_3
4614,L51793,L,303.1,311.3,1403,55.6,150,0,0,0,0,0,0,client_3
5144,M20003,M,304.3,313.5,1525,42.0,2,0,0,0,0,0,0,client_3
4594,L51773,L,303.0,311.2,1409,41.9,98,0,0,0,0,0,0,client_3
1728,M16587,M,298.3,307.7,1602,33.4,106,0,0,0,0,0,0,client_3
2586,M17445,M,299.0,308.7,1620,35.4,199,0,0,0,0,0,0,client_3
2327,M17186,M,299.4,308.7,1487,52.6,205,0,0,0,0,0,0,client_3
9443,M24302,M,298.1,308.8,1394,47.9,70,0,0,0,0,0,0,client_3
9313,H38726,H,298.5,309.4,1573,33.6,143,0,0,0,0,0,0,client_3
6318,L53497,L,300.9,310.3,1321,48.8,150,0,0,0,0,0,0,client_3
6153,M21012,M,301.1,311.1,1592,35.7,174,0,0,0,0,0,0,client_3
5963,L53142,L,300.5,310.8,1728,26.3,125,0,0,0,0,0,0,client_3
862,M15721,M,296.1,306.9,1951,23.3,38,0,0,0,0,0,0,client_3
2131,L49310,L,299.4,309.0,1391,58.2,135,0,0,0,0,0,0,client_3
6545,M21404,M,301.4,310.7,1470,46.5,101,0,0,0,0,0,0,client_3
3573,L50752,L,301.8,310.6,1451,50.7,108,0,0,0,0,0,0,client_3
5163,L52342,L,304.2,313.3,1464,45.9,48,0,0,0,0,0,0,client_3
1040,L48219,L,296.7,307.7,1524,36.8,82,0,0,0,0,0,0,client_3
8519,M23378,M,298.3,309.6,1681,27.1,194,0,0,0,0,0,0,client_3
7075,M21934,M,300.7,310.6,1488,39.2,189,0,0,0,0,0,0,client_3
1357,L48536,L,298.6,309.9,1593,37.4,47,0,0,0,0,0,0,client_3
9782,L56961,L,298.8,309.9,1441,41.6,62,0,0,0,0,0,0,client_3
6637,M21496,M,301.5,310.5,1774,25.5,121,0,0,0,0,0,0,client_3
4920,L52099,L,303.3,312.2,1506,40.0,50,0,0,0,0,0,0,client_3
5203,L52382,L,303.7,312.7,1335,51.1,161,0,0,0,0,0,0,client_3
5131,L52310,L,304.2,313.3,1668,35.7,180,0,0,0,0,0,0,client_3
6457,L53636,L,300.7,310.2,1387,50.6,83,0,0,0,0,0,0,client_3
5648,H35061,H,302.5,311.8,2370,14.7,198,0,0,0,0,0,0,client_3
2822,M17681,M,300.3,309.6,1419,42.5,137,0,0,0,0,0,0,client_3
9280,M24139,M,298.2,308.8,1645,28.2,58,0,0,0,0,0,0,client_3
8900,M23759,M,297.3,308.5,1710,27.7,138,0,0,0,0,0,0,client_3
9733,L56912,L,298.9,310.0,2231,17.4,151,0,0,0,0,0,0,client_3
385,L47564,L,297.5,308.5,1712,26.8,136,0,0,0,0,0,0,client_3
744,L47923,L,296.8,308.2,1361,53.8,193,0,0,0,0,0,0,client_3
9661,M24520,M,298.9,309.8,1392,43.1,218,0,0,0,0,0,0,client_3
5539,M20398,M,302.3,311.8,1879,23.0,124,0,0,0,0,0,0,client_3
9990,M24849,M,298.8,308.5,1577,33.2,0,0,0,0,0,0,0,client_3
7822,L55001,L,299.9,311.3,1802,24.4,151,0,0,0,0,0,0,client_3
4025,M18884,M,302.1,311.0,1351,60.3,207,1,0,0,0,1,0,client_3
1583,H30996,H,298.1,308.3,1530,42.0,184,0,0,0,0,0,0,client_3
2471,L49650,L,298.9,308.5,1467,44.7,136,0,0,0,0,0,0,client_3
3988,M18847,M,302.3,311.3,1444,43.1,115,0,0,0,0,0,0,client_3
2981,L50160,L,300.4,309.5,1447,39.3,110,0,0,0,0,0,0,client_3
1288,L48467,L,298.5,309.6,1419,41.5,105,0,0,0,0,0,0,client_3
6732,L53911,L,301.6,310.9,1385,51.2,132,0,0,0,0,0,0,client_3
1101,H30514,H,296.8,307.5,1695,30.0,33,0,0,0,0,0,0,client_3
4694,M19553,M,303.4,311.5,1817,24.7,125,0,0,0,0,0,0,client_3
9399,H38812,H,297.7,308.2,1526,40.1,165,0,0,0,0,0,0,client_3
7286,M22145,M,300.2,310.4,1202,61.7,74,0,0,0,0,0,0,client_3
4624,L51803,L,303.0,311.1,1525,40.7,179,0,0,0,0,0,0,client_3
4889,L52068,L,303.7,312.4,1512,39.2,184,0,0,0,0,0,0,client_3
7842,L55021,L,300.1,311.5,1471,47.2,201,0,0,0,0,0,0,client_3
2114,L49293,L,299.5,309.1,1863,22.5,79,0,0,0,0,0,0,client_3
8813,M23672,M,297.2,308.4,1378,41.9,97,0,0,0,0,0,0,client_3
3000,L50179,L,300.5,309.7,1395,61.0,157,0,0,0,0,0,0,client_3
2226,M17085,M,299.7,309.0,1465,49.0,158,0,0,0,0,0,0,client_3
4547,M19406,M,302.5,310.4,1429,43.2,191,0,0,0,0,0,0,client_3
8682,L55861,L,297.2,308.4,1605,30.0,183,0,0,0,0,0,0,client_3
534,L47713,L,297.5,309.3,1675,29.8,72,0,0,0,0,0,0,client_3
1460,L48639,L,299.0,310.3,1472,36.1,97,0,0,0,0,0,0,client_3
9460,L56639,L,298.4,309.1,1579,36.1,123,0,0,0,0,0,0,client_3
585,H29998,H,297.6,309.6,1419,48.2,215,0,0,0,0,0,0,client_3
2556,L49735,L,299.3,309.2,1511,37.2,129,0,0,0,0,0,0,client_3
3657,M18516,M,302.1,311.5,1383,53.6,108,0,0,0,0,0,0,client_3
4424,M19283,M,302.6,310.2,1563,39.0,97,0,0,0,0,0,0,client_3
2910,L50089,L,300.7,309.6,1500,44.1,122,0,0,0,0,0,0,client_3
3860,L51039,L,302.6,311.5,1599,37.0,211,0,0,0,0,0,0,client_3
7953,M22812,M,300.9,311.9,1480,40.9,28,0,0,0,0,0,0,client_3
5264,L52443,L,303.5,312.8,1877,22.3,96,0,0,0,0,0,0,client_3
7527,L54706,L,300.1,311.4,1660,31.4,38,0,0,0,0,0,0,client_3
3587,L50766,L,301.8,310.5,1593,34.9,139,0,0,0,0,0,0,client_3
5402,M20261,M,302.6,312.3,1454,54.8,253,1,1,0,0,1,0,client_3
1331,L48510,L,298.9,310.2,1696,30.2,214,0,0,0,0,0,0,client_3
6230,L53409,L,301.3,310.9,2165,17.4,143,0,0,0,0,0,0,client_3
6911,L54090,L,300.8,311.2,1434,45.6,174,0,0,0,0,0,0,client_3
1461,L48640,L,299.0,310.3,1437,47.8,99,0,0,0,0,0,0,client_3
9250,L56429,L,298.3,309.0,1657,32.2,179,0,0,0,0,0,0,client_3
2081,L49260,L,299.3,309.2,2280,15.4,207,0,0,0,0,0,0,client_3
9708,L56887,L,299.0,310.1,1699,32.9,87,0,0,0,0,0,0,client_3
8691,L55870,L,297.1,308.5,1323,44.4,207,1,1,0,0,0,0,client_3
141,L47320,L,298.8,308.6,1511,36.1,157,0,0,0,0,0,0,client_3
7856,M22715,M,300.3,311.8,1592,32.1,11,0,0,0,0,0,0,client_3
1939,L49118,L,298.1,307.9,1517,40.8,50,0,0,0,0,0,0,client_3
1413,M16272,M,298.8,309.9,1415,53.2,194,0,0,0,0,0,0,client_3
3911,L51090,L,302.4,311.4,1831,26.9,121,0,0,0,0,0,0,client_3
9756,H39169,H,298.5,309.7,1561,35.3,208,0,0,0,0,0,0,client_3
4851,L52030,L,303.5,312.0,1441,56.8,88,0,0,0,0,0,0,client_3
4374,M19233,M,301.9,309.7,1533,35.9,204,0,0,0,0,0,0,client_3
4700,L51879,L,303.5,311.6,1428,46.2,139,0,0,0,0,0,0,client_3
9175,L56354,L,297.8,308.9,1871,25.6,200,1,1,0,0,0,0,client_3
6768,L53947,L,301.3,310.9,1509,41.7,16,0,0,0,0,0,0,client_3
8298,M23157,M,298.8,310.2,1595,33.1,34,0,0,0,0,0,0,client_3
7229,H36642,H,299.8,309.7,1368,47.4,148,0,0,0,0,0,0,client_3
3662,M18521,M,302.3,311.7,1639,36.6,121,0,0,0,0,0,0,client_3
7147,L54326,L,300.4,309.9,1496,31.8,154,0,0,0,0,0,0,client_3
6322,L53501,L,300.7,310.2,1286,64.9,160,0,0,0,0,0,0,client_3
5212,L52391,L,303.7,312.5,1433,53.6,185,0,0,0,0,0,0,client_3
2961,L50140,L,300.7,309.5,1467,44.3,55,0,0,0,0,0,0,client_3
8598,L55777,L,297.6,308.3,1410,47.0,191,0,0,0,0,0,0,client_3
8624,M23483,M,297.5,308.3,1476,45.6,31,0,0,0,0,0,0,client_3
8837,L56016,L,297.4,308.9,1708,28.8,174,0,0,0,0,0,0,client_3
4470,L51649,L,302.7,310.5,1446,40.9,211,1,1,0,0,0,0,client_3
3721,M18580,M,302.4,311.4,1508,41.2,60,0,0,0,0,0,0,client_3
6313,M21172,M,300.9,310.2,1533,38.1,137,0,0,0,0,0,0,client_3
8489,L55668,L,298.4,309.4,1385,43.2,119,0,0,0,0,0,0,client_3
3668,L50847,L,302.3,311.6,1665,34.3,139,0,0,0,0,0,0,client_3
1708,L48887,L,298.2,307.8,1439,41.6,62,0,0,0,0,0,0,client_3
5519,M20378,M,302.5,311.8,2023,19.1,74,0,0,0,0,0,0,client_3
1840,L49019,L,297.7,307.1,1715,30.2,0,0,0,0,0,0,0,client_3
8013,M22872,M,300.9,312.0,1375,56.1,182,0,0,0,0,0,0,client_3
8746,L55925,L,297.4,308.6,1411,46.3,138,0,0,0,0,0,0,client_3
5316,L52495,L,303.6,312.8,1710,27.2,14,0,0,0,0,0,0,client_3
2469,M17328,M,298.9,308.6,1524,40.4,131,0,0,0,0,0,0,client_3
426,M15285,M,297.3,308.4,1665,28.9,17,0,0,0,0,0,0,client_3
287,L47466,L,298.2,308.3,1589,33.2,94,0,0,0,0,0,0,client_3
5833,L53012,L,301.3,311.2,1675,32.1,12,0,0,0,0,0,0,client_3
2356,M17215,M,299.3,308.5,1305,60.6,44,0,0,0,0,0,0,client_3
5185,L52364,L,304.0,313.0,1397,42.4,113,0,0,0,0,0,0,client_3
9623,L56802,L,298.9,310.0,1794,27.2,114,0,0,0,0,0,0,client_3
6810,L53989,L,300.9,310.8,1490,38.1,125,0,0,0,0,0,0,client_3
5687,L52866,L,302.2,311.6,1658,31.4,89,0,0,0,0,0,0,client_3
319,L47498,L,297.8,308.4,1512,39.9,181,0,0,0,0,0,0,client_3
651,L47830,L,297.6,309.2,1611,33.1,155,0,0,0,0,0,0,client_3
297,L47476,L,298.0,308.5,1395,46.2,122,0,0,0,0,0,0,client_3
1485,M16344,M,298.0,309.0,1562,39.2,155,0,0,0,0,0,0,client_3
5229,M20088,M,303.9,313.1,1343,61.4,14,0,0,0,0,0,0,client_3
1049,L48228,L,296.5,307.6,1607,33.5,104,0,0,0,0,0,0,client_3
9972,H39385,H,298.5,308.2,1563,44.6,163,0,0,0,0,0,0,client_3
339,L47518,L,297.5,308.2,1563,38.2,15,0,0,0,0,0,0,client_3
8099,L55278,L,300.2,311.6,1500,39.0,174,0,0,0,0,0,0,client_3
7664,L54843,L,300.5,311.6,1385,54.8,173,0,0,0,0,0,0,client_3
4499,H33912,H,302.6,310.4,1614,36.0,74,0,0,0,0,0,0,client_3
1476,M16335,M,298.4,309.5,1519,35.4,133,0,0,0,0,0,0,client_3
7532,H36945,H,300.1,311.4,1377,56.7,50,0,0,0,0,0,0,client_3
2940,L50119,L,300.9,309.7,1431,41.4,199,0,0,0,0,0,0,client_3
2323,L49502,L,299.2,308.7,1514,41.9,196,0,0,0,0,0,0,client_3
3621,H33034,H,301.9,311.2,1474,41.8,18,0,0,0,0,0,0,client_3
6283,M21142,M,301.3,310.8,1418,45.4,59,0,0,0,0,0,0,client_3
1155,L48334,L,296.9,307.9,1626,29.9,177,0,0,0,0,0,0,client_3
8187,L55366,L,299.7,311.0,1827,25.4,194,0,0,0,0,0,0,client_3
8458,L55637,L,298.6,309.9,1393,45.5,38,0,0,0,0,0,0,client_3
5462,M20321,M,302.9,312.3,1339,52.1,145,0,0,0,0,0,0,client_3
5154,L52333,L,304.2,313.4,1644,31.7,23,0,0,0,0,0,0,client_3
3528,M18387,M,301.9,310.9,1573,38.9,209,0,0,0,0,0,0,client_3
9060,L56239,L,297.2,308.3,1805,25.6,103,0,0,0,0,0,0,client_3
6565,L53744,L,301.4,310.6,1557,38.2,157,0,0,0,0,0,0,client_3
1027,L48206,L,296.4,307.4,1512,36.8,46,0,0,0,0,0,0,client_3
3996,L51175,L,302.3,311.3,1621,31.6,135,0,0,0,0,0,0,client_3
6601,M21460,M,301.5,310.6,1424,47.0,26,0,0,0,0,0,0,client_3
967,M15826,M,295.8,306.5,1641,32.2,101,0,0,0,0,0,0,client_3
9552,L56731,L,299.4,310.8,1391,48.9,139,0,0,0,0,0,0,client_3
9966,L57145,L,298.3,307.9,1703,28.9,147,0,0,0,0,0,0,client_3
9597,L56776,L,298.9,310.1,1466,43.4,50,0,0,0,0,0,0,client_3
5860,L53039,L,301.3,311.0,1542,33.6,80,0,0,0,0,0,0,client_3
2905,L50084,L,300.6,309.4,2496,13.5,111,0,0,0,0,0,0,client_3
8541,L55720,L,298.6,309.5,1687,29.3,47,0,0,0,0,0,0,client_3
6558,M21417,M,301.5,310.6,1638,31.9,137,0,0,0,0,0,0,client_3
1314,L48493,L,298.9,310.2,1359,56.9,166,0,0,0,0,0,0,client_3
571,L47750,L,297.7,309.7,1498,41.0,176,0,0,0,0,0,0,client_3
979,M15838,M,296.2,306.8,1526,42.3,129,0,0,0,0,0,0,client_3
3294,M18153,M,301.2,310.3,1357,54.5,49,0,0,0,0,0,0,client_3
4081,L51260,L,302.0,310.4,1357,58.0,108,1,0,1,0,0,0,client_3
6472,L53651,L,300.4,309.6,1523,38.5,124,0,0,0,0,0,0,client_3
8762,L55941,L,297.5,308.8,1417,49.8,177,0,0,0,0,0,0,client_3
2999,L50178,L,300.5,309.7,1616,34.5,155,0,0,0,0,0,0,client_3
5775,L52954,L,301.5,311.1,1602,34.3,100,0,0,0,0,0,0,client_3
5176,L52355,L,304.2,313.4,1740,23.7,86,0,0,0,0,0,0,client_3
8773,L55952,L,297.5,308.6,1621,28.9,0,0,0,0,0,0,0,client_3
5528,M20387,M,302.5,311.9,1532,38.8,96,0,0,0,0,0,0,client_3
5890,M20749,M,301.4,311.0,1234,55.8,152,0,0,0,0,0,0,client_3
7652,M22511,M,300.4,311.5,1476,32.6,144,0,0,0,0,0,0,client_3
934,L48113,L,295.5,306.0,1597,37.2,16,0,0,0,0,0,0,client_3
8159,L55338,L,299.6,310.8,1400,40.8,118,0,0,0,0,0,0,client_3
6101,M20960,M,300.8,310.7,1886,21.1,44,0,0,0,0,0,0,client_3
4121,M18980,M,302.1,310.7,1376,46.3,210,1,0,1,0,0,0,client_3
4515,L51694,L,302.4,310.3,1479,36.2,115,0,0,0,0,0,0,client_3
9869,L57048,L,298.9,309.9,1526,35.4,96,0,0,0,0,0,0,client_3
4343,M19202,M,301.7,309.8,1284,68.2,111,1,0,1,1,0,0,client_3
4663,H34076,H,303.3,311.2,1607,31.7,34,0,0,0,0,0,0,client_3
1824,L49003,L,298.1,307.7,1414,48.7,159,0,0,0,0,0,0,client_3
5399,L52578,L,302.9,312.4,1923,23.9,244,0,0,0,0,0,0,client_3
8153,L55332,L,299.5,310.7,1438,45.7,106,0,0,0,0,0,0,client_3
125,L47304,L,298.9,308.7,1727,29.4,116,0,0,0,0,0,0,client_3
9613,M24472,M,299.0,310.2,1625,31.8,89,0,0,0,0,0,0,client_3
6220,H35633,H,301.1,310.6,1407,43.9,111,0,0,0,0,0,0,client_3
4218,L51397,L,301.9,310.6,1462,38.8,22,0,0,0,0,0,0,client_3
160,L47339,L,298.4,308.2,1471,47.0,214,0,0,0,0,0,0,client_3
4156,L51335,L,302.0,310.5,1370,44.4,85,1,0,1,0,0,0,client_3
3892,L51071,L,302.2,311.1,1418,47.0,61,0,0,0,0,0,0,client_3
2599,L49778,L,299.1,308.8,1320,67.5,20,1,0,0,1,0,0,client_3
8904,M23763,M,297.4,308.7,1382,49.9,151,0,0,0,0,0,0,client_3
7840,L55019,L,300.3,311.6,1374,47.4,197,0,0,0,0,0,0,client_3
4057,L51236,L,301.9,310.9,1597,36.9,50,0,0,0,0,0,0,client_3
3446,M18305,M,301.6,310.6,1599,36.1,208,0,0,0,0,0,0,client_3
2884,L50063,L,300.6,309.5,1437,40.0,55,0,0,0,0,0,0,client_3
1374,M16233,M,298.8,310.3,1366,59.0,94,0,0,0,0,0,0,client_3
9223,M24082,M,297.9,309.0,1525,38.5,113,0,0,0,0,0,0,client_3
8616,L55795,L,297.6,308.6,1382,47.1,11,0,0,0,0,0,0,client_3
4910,L52089,L,303.5,312.4,1481,43.7,20,0,0,0,0,0,0,client_3
9526,L56705,L,299.1,310.3,1411,42.1,74,0,0,0,0,0,0,client_3
6250,L53429,L,300.7,310.1,1542,35.5,191,0,0,0,0,0,0,client_3
7396,M22255,M,299.7,310.6,1572,38.0,139,0,0,0,0,0,0,client_3
6368,L53547,L,300.0,309.6,1571,33.1,65,0,0,0,0,0,0,client_3
9234,L56413,L,298.3,309.1,1403,45.1,138,0,0,0,0,0,0,client_3
234,L47413,L,298.2,308.4,1512,34.9,181,0,0,0,0,0,0,client_3
4395,L51574,L,302.2,310.0,1483,48.7,20,0,0,0,0,0,0,client_3
69,L47248,L,298.8,308.9,1527,32.4,189,0,0,0,0,0,0,client_3
474,M15333,M,297.4,309.0,1520,37.0,147,0,0,0,0,0,0,client_3
9982,L57161,L,298.7,308.5,1353,47.0,190,0,0,0,0,0,0,client_3
3523,L50702,L,301.8,311.0,1651,32.5,195,0,0,0,0,0,0,client_3
6720,M21579,M,301.4,310.6,1431,40.6,101,0,0,0,0,0,0,client_3
1399,L48578,L,299.1,310.3,1472,46.6,157,0,0,0,0,0,0,client_3
5973,L53152,L,300.5,310.8,1445,46.6,155,0,0,0,0,0,0,client_3
302,L47481,L,297.7,308.4,1740,27.1,136,0,0,0,0,0,0,client_3
6010,L53189,L,300.6,310.6,1931,22.0,24,0,0,0,0,0,0,client_3
6676,L53855,L,301.5,310.6,1579,28.0,220,0,0,0,0,0,0,client_3
7114,L54293,L,300.9,310.4,1561,32.7,67,0,0,0,0,0,0,client_3
1594,L48773,L,298.0,308.3,1544,34.7,213,0,0,0,0,0,0,client_3
5105,L52284,L,304.1,313.5,1469,44.6,113,0,0,0,0,0,0,client_3
1893,M16752,M,297.8,307.4,1438,43.6,141,0,0,0,0,0,0,client_3
2946,H32359,H,300.7,309.6,1925,20.5,9,0,0,0,0,0,0,client_3
1170,L48349,L,297.0,308.1,1355,43.7,217,0,0,0,0,0,0,client_3
2034,H31447,H,298.8,308.5,1359,47.6,85,0,0,0,0,0,0,client_3
3800,L50979,L,302.2,310.9,1506,34.0,49,0,0,0,0,0,0,client_3
7947,L55126,L,300.8,311.6,1516,35.6,14,0,0,0,0,0,0,client_3
2604,M17463,M,299.3,309.2,1334,46.3,31,0,0,0,0,0,0,client_3
5653,L52832,L,302.4,311.8,1727,26.5,213,0,0,0,0,0,0,client_3
2408,M17267,M,299.1,308.6,1499,45.1,185,0,0,0,0,0,0,client_3
2996,L50175,L,300.5,309.8,1550,37.4,148,0,0,0,0,0,0,client_3
1458,L48637,L,299.0,310.3,1475,42.4,93,0,0,0,0,0,0,client_3
8952,L56131,L,297.3,308.1,1763,28.4,54,0,0,0,0,0,0,client_3
6836,L54015,L,301.0,310.9,1809,25.7,192,0,0,0,0,0,0,client_3
1802,M16661,M,298.0,307.5,1427,43.6,101,0,0,0,0,0,0,client_3
7477,L54656,L,300.2,311.5,1492,41.8,128,0,0,0,0,0,0,client_3
7851,M22710,M,300.3,311.7,1447,36.8,0,0,0,0,0,0,0,client_3
7806,L54985,L,299.9,311.4,1706,28.8,111,0,0,0,0,0,0,client_3
1619,L48798,L,297.9,307.8,1286,59.5,55,0,0,0,0,0,0,client_3
2123,M16982,M,299.2,308.8,1523,38.9,112,0,0,0,0,0,0,client_3
9269,L56448,L,298.2,308.8,1666,31.5,30,0,0,0,0,0,0,client_3
6980,L54159,L,300.9,311.2,1353,60.4,139,0,0,0,0,0,0,client_3
6310,L53489,L,300.9,310.2,1382,50.4,131,0,0,0,0,0,0,client_3
9829,L57008,L,298.4,309.4,1385,50.0,201,0,0,0,0,0,0,client_3
904,L48083,L,295.7,306.2,2270,14.6,149,1,0,0,1,0,0,client_3
7001,M21860,M,300.6,310.6,1463,45.5,196,0,0,0,0,0,0,client_3
6873,L54052,L,301.0,311.3,1472,35.3,73,0,0,0,0,0,0,client_3
8597,L55776,L,297.5,308.2,1327,56.5,189,0,0,0,0,0,0,client_3
2041,L49220,L,299.1,308.9,1686,29.6,108,0,0,0,0,0,0,client_3
4680,L51859,L,303.6,311.8,1695,30.7,90,0,0,0,0,0,0,client_3
6141,L53320,L,300.8,310.7,1589,34.3,144,0,0,0,0,0,0,client_3
8793,L55972,L,297.4,308.5,1418,51.2,52,0,0,0,0,0,0,client_3
8402,H37815,H,298.5,309.4,1671,31.8,108,0,0,0,0,0,0,client_3
3163,L50342,L,300.5,309.9,1480,40.0,148,0,0,0,0,0,0,client_3
1759,L48938,L,298.1,307.4,1608,33.9,193,0,0,0,0,0,0,client_3
2418,L49597,L,298.9,308.3,1576,36.6,7,0,0,0,0,0,0,client_3
3934,L51113,L,302.6,311.6,1576,34.7,182,0,0,0,0,0,0,client_3
9670,L56849,L,299.1,310.3,1619,31.1,242,0,0,0,0,0,0,client_3
3922,L51101,L,302.7,311.5,1494,41.4,149,0,0,0,0,0,0,client_3
6719,L53898,L,301.4,310.6,2137,18.0,99,0,0,0,0,0,0,client_3
8579,L55758,L,297.5,308.2,1489,40.7,141,0,0,0,0,0,0,client_3
6189,L53368,L,301.0,310.9,1450,45.9,35,0,0,0,0,0,0,client_3
4554,L51733,L,302.6,310.5,1461,45.4,0,0,0,0,0,0,0,client_3
8907,L56086,L,297.3,308.7,1592,34.4,158,0,0,0,0,0,0,client_3
3292,M18151,M,301.2,310.1,1479,45.5,44,0,0,0,0,0,0,client_3
1834,L49013,L,297.8,307.3,1327,61.0,186,1,0,0,0,1,0,client_3
4513,M19372,M,302.5,310.3,1411,49.5,110,0,0,0,0,0,0,client_3
6801,M21660,M,301.1,310.6,1310,48.8,103,0,0,0,0,0,0,client_3
3186,L50365,L,300.1,309.3,1685,27.1,203,0,0,0,0,0,0,client_3
9231,L56410,L,298.2,309.2,1922,22.6,132,0,0,0,0,0,0,client_3
5709,L52888,L,302.3,311.7,1611,38.6,143,0,0,0,0,0,0,client_3
7060,L54239,L,300.6,310.5,1644,33.8,148,0,0,0,0,0,0,client_3
7270,M22129,M,300.4,310.5,1540,33.4,32,0,0,0,0,0,0,client_3
8818,H38231,H,297.3,308.6,1376,53.5,112,0,0,0,0,0,0,client_3
1536,L48715,L,298.0,308.8,1581,36.1,73,0,0,0,0,0,0,client_3
7415,L54594,L,300.1,311.1,1619,33.4,186,0,0,0,0,0,0,client_3
894,M15753,M,295.7,306.2,1423,42.5,121,0,0,0,0,0,0,client_3
9353,L56532,L,298.2,308.7,1780,27.9,35,0,0,0,0,0,0,client_3
6718,M21577,M,301.4,310.6,1464,48.6,96,0,0,0,0,0,0,client_3
3152,L50331,L,300.5,309.8,1428,43.8,119,0,0,0,0,0,0,client_3
43,M14902,M,298.8,309.1,1368,49.1,117,0,0,0,0,0,0,client_3
2970,L50149,L,300.6,309.4,1468,44.1,76,0,0,0,0,0,0,client_3
3683,L50862,L,302.1,311.2,1550,34.8,177,0,0,0,0,0,0,client_3
217,L47396,L,298.3,308.6,1499,38.3,142,0,0,0,0,0,0,client_3
745,L47924,L,296.7,308.1,1450,40.9,195,0,0,0,0,0,0,client_3
6685,L53864,L,301.6,310.9,1538,40.4,13,0,0,0,0,0,0,client_3
3730,M18589,M,302.4,311.3,1312,61.5,85,0,0,0,0,0,0,client_3
3783,L50962,L,302.2,310.8,1827,23.8,9,0,0,0,0,0,0,client_3
4716,L51895,L,303.4,311.7,1476,42.3,180,0,0,0,0,0,0,client_3
5554,L52733,L,302.5,311.9,1306,59.7,172,0,0,0,0,0,1,client_3
8911,L56090,L,297.1,308.4,1550,37.0,167,0,0,0,0,0,0,client_3
1961,L49140,L,297.8,307.6,1446,51.4,105,0,0,0,0,0,0,client_3
9996,M24855,M,298.8,308.4,1604,29.5,14,0,0,0,0,0,0,client_3
2655,L49834,L,299.9,309.5,1567,35.5,171,0,0,0,0,0,0,client_3
6735,M21594,M,301.6,310.9,1575,40.1,139,0,0,0,0,0,0,client_3
2452,L49631,L,299.2,308.7,1650,30.5,93,0,0,0,0,0,0,client_3
566,H29979,H,297.7,309.7,1570,35.8,160,0,0,0,0,0,0,client_3
7097,L54276,L,300.6,310.2,1489,47.8,21,0,0,0,0,0,0,client_3
8569,L55748,L,297.9,308.6,1691,29.6,116,0,0,0,0,0,0,client_3
8680,L55859,L,297.3,308.5,1456,54.2,179,0,0,0,0,0,0,client_3
8630,H38043,H,297.5,308.5,1557,39.1,47,0,0,0,0,0,0,client_3
9108,M23967,M,297.5,308.5,1662,30.3,26,0,0,0,0,0,0,client_3
9738,L56917,L,298.9,310.0,1791,27.6,166,0,0,0,0,0,0,client_3
5952,L53131,L,300.7,310.9,1650,29.4,102,0,0,0,0,0,0,client_3
307,L47486,L,297.8,308.4,1374,47.1,150,0,0,0,0,0,0,client_3
1734,L48913,L,298.4,308.0,1515,42.8,125,0,0,0,0,0,0,client_3
8326,M23185,M,298.7,309.5,1500,38.8,116,0,0,0,0,0,0,client_3
673,M15532,M,297.6,308.9,1433,43.2,206,0,0,0,0,0,0,client_3
2130,H31543,H,299.4,309.0,1607,33.7,130,0,0,0,0,0,0,client_3
1991,L49170,L,298.2,307.8,1423,48.1,183,0,0,0,0,0,0,client_3
2177,M17036,M,299.6,309.3,1387,48.3,25,0,0,0,0,0,0,client_3
8920,L56099,L,297.2,308.3,1693,28.0,188,0,0,0,0,0,0,client_3
4717,L51896,L,303.4,311.6,1712,30.1,182,0,0,0,0,0,0,client_3
1118,L48297,L,296.5,307.4,1523,40.7,85,0,0,0,0,0,0,client_3
5320,M20179,M,303.5,312.7,1402,47.0,23,0,0,0,0,0,0,client_3
4665,M19524,M,303.3,311.3,1566,46.1,41,0,0,0,0,0,0,client_3
7639,L54818,L,300.5,311.5,1661,35.9,110,0,0,0,0,0,0,client_3
1870,M16729,M,298.3,308.1,1630,32.7,83,0,0,0,0,0,0,client_3
3225,M18084,M,300.6,309.5,1557,33.8,84,0,0,0,0,0,0,client_3
8225,L55404,L,299.1,310.5,1496,35.2,60,0,0,0,0,0,0,client_3
139,H29552,H,298.8,308.6,1449,49.4,150,0,0,0,0,0,0,client_3
9824,M24683,M,298.5,309.3,1488,43.7,189,0,0,0,0,0,0,client_3
8134,L55313,L,299.8,311.1,1466,46.1,58,0,0,0,0,0,0,client_3
1857,M16716,M,297.8,307.4,1752,26.1,52,0,0,0,0,0,0,client_3
9918,M24777,M,298.5,308.8,1557,36.0,21,0,0,0,0,0,0,client_3
4634,L51813,L,303.0,311.2,1382,50.5,203,0,0,0,0,0,0,client_3
9937,H39350,H,298.3,308.2,1534,33.2,75,0,0,0,0,0,0,client_3
3280,L50459,L,301.2,309.9,1382,52.4,13,0,0,0,0,0,0,client_3
2112,L49291,L,299.4,309.0,1436,47.9,75,0,0,0,0,0,0,client_3
6463,H35876,H,300.6,310.0,1483,44.0,97,0,0,0,0,0,0,client_3
1529,L48708,L,298.1,309.0,1559,34.0,54,0,0,0,0,0,0,client_3
8,L47187,L,298.1,308.6,1527,40.2,16,0,0,0,0,0,0,client_3
2443,M17302,M,299.1,308.4,1332,51.7,71,0,0,0,0,0,0,client_3
5811,L52990,L,301.3,311.0,1856,21.9,189,0,0,0,0,0,0,client_3
2501,L49680,L,299.1,308.9,1617,32.3,223,0,0,0,0,0,0,client_3
8408,L55587,L,298.4,309.5,1357,50.1,125,0,0,0,0,0,0,client_3
7805,M22664,M,299.9,311.4,1480,44.9,108,0,0,0,0,0,0,client_3
2612,L49791,L,299.4,309.1,1957,22.1,55,0,0,0,0,0,0,client_3
1873,L49052,L,298.3,308.1,1326,58.4,90,0,0,0,0,0,0,client_3
1995,M16854,M,298.2,307.9,1403,45.1,193,0,0,0,0,0,0,client_3
5358,L52537,L,303.3,312.5,1968,20.6,130,0,0,0,0,0,0,client_3
1542,L48721,L,298.4,309.0,2304,15.1,89,0,0,0,0,0,0,client_3
8560,L55739,L,298.3,309.0,1519,40.0,96,0,0,0,0,0,0,client_3
2816,M17675,M,300.1,309.4,1569,31.6,124,0,0,0,0,0,0,client_3
5675,M20534,M,302.2,311.7,1393,42.5,53,0,0,0,0,0,0,client_3
5318,L52497,L,303.6,312.7,1637,32.9,19,0,0,0,0,0,0,client_3
3302,L50481,L,301.3,310.5,1365,47.7,70,0,0,0,0,0,0,client_3
910,L48089,L,295.5,306.0,1456,39.2,167,0,0,0,0,0,0,client_3
7011,M21870,M,300.5,310.5,1469,42.9,14,0,0,0,0,0,0,client_3
1168,L48347,L,297.0,308.1,1362,52.5,213,1,0,0,0,1,0,client_3
6073,M20932,M,300.9,310.8,1695,30.2,188,0,0,0,0,0,0,client_3
5448,L52627,L,303.1,312.8,1465,44.1,109,0,0,0,0,0,0,client_3
5278,L52457,L,303.5,312.9,1501,44.0,128,0,0,0,0,0,0,client_3
5813,L52992,L,301.4,311.1,1495,36.3,193,0,0,0,0,0,0,client_3
6420,H35833,H,300.3,309.9,1394,46.7,210,1,1,0,0,0,0,client_3
5634,L52813,L,302.7,312.2,1447,47.5,166,0,0,0,0,0,0,client_3
393,M15252,M,297.6,308.5,1490,43.4,154,0,0,0,0,0,0,client_3
2450,L49629,L,299.3,308.8,1772,25.2,89,0,0,0,0,0,0,client_3
6814,M21673,M,300.9,310.7,1420,43.0,133,0,0,0,0,0,0,client_3
5187,L52366,L,304.0,313.0,2354,15.0,117,0,0,0,0,0,0,client_3
3371,L50550,L,301.4,310.7,1584,32.2,17,0,0,0,0,0,0,client_3
3443,M18302,M,301.4,310.5,1495,52.5,201,0,0,0,0,0,0,client_3
7668,L54847,L,300.6,311.7,1528,43.9,185,0,0,0,0,0,0,client_3
3746,L50925,L,302.6,311.4,1738,25.8,128,0,0,0,0,0,0,client_3
8492,L55671,L,298.5,309.5,1579,38.6,126,0,0,0,0,0,0,client_3
825,L48004,L,296.6,307.4,1436,42.8,156,0,0,0,0,0,0,client_3
4905,H34318,H,303.6,312.4,1480,50.7,2,0,0,0,0,0,0,client_3
6458,L53637,L,300.7,310.0,1395,48.0,85,0,0,0,0,0,0,client_3
5023,L52202,L,304.0,313.1,1404,47.1,90,0,0,0,0,0,0,client_3
9456,L56635,L,298.5,309.2,1983,20.2,114,0,0,0,0,0,0,client_3
8109,M22968,M,300.3,311.8,1607,33.7,199,0,0,0,0,0,0,client_3
2398,L49577,L,299.2,308.6,1582,38.8,156,0,0,0,0,0,0,client_3
8337,L55516,L,298.9,309.7,1449,48.8,147,0,0,0,0,0,0,client_3
3769,L50948,L,302.2,311.0,1555,34.2,185,0,0,0,0,0,0,client_3
3051,L50230,L,300.2,309.2,1431,51.3,57,0,0,0,0,0,0,client_3
9903,H39316,H,298.7,309.3,1402,45.3,190,0,0,0,0,0,0,client_3
9065,L56244,L,297.2,308.4,1833,25.2,117,0,0,0,0,0,0,client_3
8965,M23824,M,297.2,307.9,1456,44.9,85,0,0,0,0,0,0,client_3
7638,H37051,H,300.4,311.4,1445,52.4,105,0,0,0,0,0,0,client_3
8620,H38033,H,297.6,308.6,1480,39.8,19,0,0,0,0,0,0,client_3
7656,L54835,L,300.4,311.5,1596,32.5,154,0,0,0,0,0,0,client_3
2764,L49943,L,299.8,309.2,1491,47.5,216,0,0,0,0,0,0,client_3
2152,M17011,M,299.3,308.7,1289,51.5,185,0,0,0,0,0,0,client_3
5540,H34953,H,302.3,311.7,1482,39.0,127,0,0,0,0,0,0,client_3
1760,H31173,H,298.0,307.4,1606,35.2,195,0,0,0,0,0,0,client_3
1999,H31412,H,298.3,308.0,1637,30.8,2,0,0,0,0,0,0,client_3
1699,L48878,L,297.9,307.6,1481,38.0,40,0,0,0,0,0,0,client_3
6523,L53702,L,301.1,310.1,1489,45.8,42,0,0,0,0,0,0,client_3
1757,M16616,M,298.1,307.4,1363,60.1,187,0,0,0,0,0,0,client_3
1063,L48242,L,296.8,307.9,1372,49.0,140,0,0,0,0,0,0,client_3
8107,M22966,M,300.4,312.0,1596,30.4,191,0,0,0,0,0,0,client_3
4009,M18868,M,302.2,311.2,1471,41.9,166,0,0,0,0,0,0,client_3
7956,M22815,M,300.9,311.9,1310,56.1,35,0,0,0,0,0,0,client_3
3659,M18518,M,302.2,311.5,1449,44.5,113,0,0,0,0,0,0,client_3
8069,M22928,M,300.5,311.9,1676,35.2,97,0,0,0,0,0,0,client_3
244,L47423,L,298.0,308.2,1442,44.1,204,0,0,0,0,0,0,client_3
2007,M16866,M,298.5,308.3,1381,50.5,22,0,0,0,0,0,0,client_3
1127,L48306,L,296.8,307.9,1706,30.8,111,0,0,0,0,0,0,client_3
2464,L49643,L,298.9,308.5,1580,39.1,119,0,0,0,0,0,0,client_3
1,M14860,M,298.1,308.6,1551,42.8,0,0,0,0,0,0,0,client_3
1434,L48613,L,298.8,309.8,1363,44.0,25,0,0,0,0,0,0,client_3
6535,L53714,L,301.3,310.6,1436,44.2,76,0,0,0,0,0,0,client_3
7350,L54529,L,299.7,310.2,1633,36.5,24,0,0,0,0,0,0,client_3
5502,L52681,L,302.7,312.1,1543,37.5,33,0,0,0,0,0,0,client_3
2518,L49697,L,298.8,308.5,1395,44.4,33,0,0,0,0,0,0,client_3
5720,L52899,L,302.3,312.0,1398,43.3,171,0,0,0,0,0,0,client_3
1950,M16809,M,298.1,308.0,1543,41.9,73,0,0,0,0,0,0,client_3
3436,L50615,L,301.5,310.5,1389,54.9,187,0,0,0,0,0,0,client_3
2936,M17795,M,300.8,309.7,1680,28.2,189,0,0,0,0,0,0,client_3
9465,L56644,L,298.6,309.4,1440,48.2,136,0,0,0,0,0,0,client_3
1055,H30468,H,296.8,307.8,1627,30.5,117,0,0,0,0,0,0,client_3
2663,M17522,M,299.9,309.4,1483,38.1,193,0,0,0,0,0,0,client_3
9382,M24241,M,297.5,308.1,1480,42.4,112,0,0,0,0,0,0,client_3
7444,H36857,H,300.1,311.6,1589,37.9,37,0,0,0,0,0,0,client_3
1791,L48970,L,298.2,307.9,1847,23.6,69,0,0,0,0,0,0,client_3
2993,M17852,M,300.5,309.7,1685,29.4,140,0,0,0,0,0,0,client_3
5022,L52201,L,304.0,313.0,1350,61.1,88,0,0,0,0,0,0,client_3
6187,M21046,M,301.1,311.0,1413,46.6,30,0,0,0,0,0,0,client_3
5851,L53030,L,301.3,311.1,1560,35.3,55,0,0,0,0,0,0,client_3
928,H30341,H,295.6,306.0,1396,52.4,0,0,0,0,0,0,0,client_3
9091,M23950,M,297.2,307.9,1747,29.0,188,0,0,0,0,0,0,client_3
2828,L50007,L,300.4,309.4,1412,51.6,153,0,0,0,0,0,0,client_3
4760,L51939,L,303.5,311.6,1361,46.5,62,1,0,1,0,0,0,client_3
9314,L56493,L,298.5,309.4,1418,45.1,148,0,0,0,0,0,0,client_3
3749,L50928,L,302.5,311.1,1493,39.0,137,0,0,0,0,0,0,client_3
5812,L52991,L,301.3,311.1,1454,40.3,191,0,0,0,0,0,0,client_3
7994,L55173,L,301.1,312.3,1595,31.9,134,0,0,0,0,0,0,client_3
2602,L49781,L,299.3,309.1,1399,52.1,27,0,0,0,0,0,0,client_3
3351,L50530,L,301.4,310.8,1285,62.6,183,1,0,0,0,1,0,client_3
2813,M17672,M,300.0,309.3,1413,40.7,117,0,0,0,0,0,0,client_3
7422,M22281,M,300.1,311.4,1342,48.5,203,0,0,0,0,0,0,client_3
5691,L52870,L,302.3,311.8,1435,44.8,98,0,0,0,0,0,0,client_3
9312,L56491,L,298.4,309.4,1540,43.2,141,0,0,0,0,0,0,client_3
1125,M15984,M,296.7,307.8,1258,69.0,105,1,0,0,1,0,0,client_3
3395,L50574,L,301.5,310.6,1405,42.3,83,0,0,0,0,0,0,client_3
1615,M16474,M,297.8,307.9,1802,25.8,43,0,0,0,0,0,0,client_3
6370,H35783,H,300.0,309.5,1781,24.9,70,0,0,0,0,0,0,client_3
1829,L49008,L,297.8,307.2,1351,56.3,174,0,0,0,0,0,0,client_3
656,L47835,L,297.7,309.1,1435,38.8,165,0,0,0,0,0,0,client_3
9260,M24119,M,298.2,309.0,1694,28.0,5,0,0,0,0,0,0,client_3
7076,L54255,L,300.7,310.5,1536,47.4,192,0,0,0,0,0,0,client_3
3092,L50271,L,300.0,309.3,1558,29.7,168,0,0,0,0,0,0,client_3
6005,L53184,L,300.5,310.4,1761,26.5,12,0,0,0,0,0,0,client_3
2237,M17096,M,299.3,308.5,1422,43.1,186,0,0,0,0,0,0,client_3
9834,L57013,L,298.3,309.1,1386,45.3,212,0,0,0,0,0,0,client_3
1927,L49106,L,298.0,307.7,1606,30.8,17,0,0,0,0,0,0,client_3
2829,M17688,M,300.4,309.4,1875,23.9,155,0,0,0,0,0,0,client_3
4794,H34207,H,303.6,312.6,1498,40.2,155,0,0,0,0,0,0,client_3
2492,L49671,L,299.1,308.9,1445,43.4,197,0,0,0,0,0,0,client_3
2039,L49218,L,299.0,308.8,1405,55.2,103,0,0,0,0,0,0,client_3
2326,L49505,L,299.3,308.8,1603,33.9,203,0,0,0,0,0,0,client_3
1843,H31256,H,297.7,307.1,1855,22.5,7,0,0,0,0,0,0,client_3
6536,H35949,H,301.2,310.5,1505,43.6,78,0,0,0,0,0,0,client_3
8869,L56048,L,297.9,309.0,1456,46.5,52,0,0,0,0,0,0,client_3
9263,M24122,M,298.3,309.1,1404,47.0,15,0,0,0,0,0,0,client_3
7902,L55081,L,300.8,312.4,1365,44.5,129,0,0,0,0,0,0,client_3
1368,M16227,M,298.8,310.2,1581,37.5,75,0,0,0,0,0,0,client_3
